-- MySQL dump 10.19  Distrib 10.2.38-MariaDB, for Linux (x86_64)
--
-- Host: localhost    Database: grinforum
-- ------------------------------------------------------
-- Server version	10.2.38-MariaDB

/*!40101 SET @OLD_CHARACTER_SET_CLIENT=@@CHARACTER_SET_CLIENT */;
/*!40101 SET @OLD_CHARACTER_SET_RESULTS=@@CHARACTER_SET_RESULTS */;
/*!40101 SET @OLD_COLLATION_CONNECTION=@@COLLATION_CONNECTION */;
/*!40101 SET NAMES utf8 */;
/*!40103 SET @OLD_TIME_ZONE=@@TIME_ZONE */;
/*!40103 SET TIME_ZONE='+00:00' */;
/*!40014 SET @OLD_UNIQUE_CHECKS=@@UNIQUE_CHECKS, UNIQUE_CHECKS=0 */;
/*!40014 SET @OLD_FOREIGN_KEY_CHECKS=@@FOREIGN_KEY_CHECKS, FOREIGN_KEY_CHECKS=0 */;
/*!40101 SET @OLD_SQL_MODE=@@SQL_MODE, SQL_MODE='NO_AUTO_VALUE_ON_ZERO' */;
/*!40111 SET @OLD_SQL_NOTES=@@SQL_NOTES, SQL_NOTES=0 */;

--
-- Table structure for table `checklists`
--

DROP TABLE IF EXISTS `checklists`;
/*!40101 SET @saved_cs_client     = @@character_set_client */;
/*!40101 SET character_set_client = utf8 */;
CREATE TABLE `checklists` (
  `id` int(10) unsigned NOT NULL AUTO_INCREMENT,
  `created_at` timestamp NULL DEFAULT NULL,
  `updated_at` timestamp NULL DEFAULT NULL,
  `share_id` int(10) unsigned DEFAULT NULL,
  `user_id` int(10) unsigned DEFAULT NULL,
  `title` varchar(256) DEFAULT NULL,
  `prev_id` int(10) unsigned DEFAULT 0,
  `post_id` int(10) unsigned DEFAULT 0,
  PRIMARY KEY (`id`),
  KEY `idx_share_user_id` (`share_id`,`user_id`)
) ENGINE=InnoDB DEFAULT CHARSET=utf8mb4;
/*!40101 SET character_set_client = @saved_cs_client */;

--
-- Dumping data for table `checklists`
--

LOCK TABLES `checklists` WRITE;
/*!40000 ALTER TABLE `checklists` DISABLE KEYS */;
/*!40000 ALTER TABLE `checklists` ENABLE KEYS */;
UNLOCK TABLES;

--
-- Table structure for table `comments`
--

DROP TABLE IF EXISTS `comments`;
/*!40101 SET @saved_cs_client     = @@character_set_client */;
/*!40101 SET character_set_client = utf8 */;
CREATE TABLE `comments` (
  `id` int(10) unsigned NOT NULL AUTO_INCREMENT,
  `created_at` timestamp NULL DEFAULT NULL,
  `updated_at` timestamp NULL DEFAULT NULL,
  `share_id` int(10) unsigned DEFAULT NULL,
  `user_id` int(10) unsigned DEFAULT NULL,
  `reply` text DEFAULT NULL,
  `number` int(11) DEFAULT NULL,
  PRIMARY KEY (`id`),
  KEY `idx_share_user_id` (`share_id`,`user_id`)
) ENGINE=InnoDB AUTO_INCREMENT=8 DEFAULT CHARSET=utf8mb4;
/*!40101 SET character_set_client = @saved_cs_client */;

--
-- Dumping data for table `comments`
--

LOCK TABLES `comments` WRITE;
/*!40000 ALTER TABLE `comments` DISABLE KEYS */;
INSERT INTO `comments` VALUES (1,'2021-03-02 16:32:44','2021-03-02 16:32:44',1,4,'测试回复',1),(2,'2021-03-05 15:04:08','2021-03-05 15:04:08',3,8,'学习到',1),(3,'2021-03-09 02:16:07','2021-03-09 02:16:07',14,4,'谢谢分享',1),(4,'2021-03-11 07:02:03','2021-03-11 07:02:03',14,31,'继续学习',2),(5,'2021-03-12 07:02:46','2021-03-12 07:02:46',13,31,'Niffler钱包怎么提呢',1),(6,'2021-06-24 14:54:53','2021-06-24 14:54:53',18,35,'嗯 支持新矿池，我算是你的第几个用户了？',1),(7,'2021-06-29 12:20:01','2021-06-29 12:20:01',19,32,'请问发送提现的邮件后，多久进行绑定呢？我今天早上发送的邮件，现在还没有绑定矿池。',1);
/*!40000 ALTER TABLE `comments` ENABLE KEYS */;
UNLOCK TABLES;

--
-- Table structure for table `migrations`
--

DROP TABLE IF EXISTS `migrations`;
/*!40101 SET @saved_cs_client     = @@character_set_client */;
/*!40101 SET character_set_client = utf8 */;
CREATE TABLE `migrations` (
  `id` varchar(255) NOT NULL,
  PRIMARY KEY (`id`)
) ENGINE=InnoDB DEFAULT CHARSET=utf8mb4;
/*!40101 SET character_set_client = @saved_cs_client */;

--
-- Dumping data for table `migrations`
--

LOCK TABLES `migrations` WRITE;
/*!40000 ALTER TABLE `migrations` DISABLE KEYS */;
INSERT INTO `migrations` VALUES ('201912212307'),('202001262309'),('202001290954'),('202001291808'),('202001291812'),('202002151529'),('202006271149'),('202006271345');
/*!40000 ALTER TABLE `migrations` ENABLE KEYS */;
UNLOCK TABLES;

--
-- Table structure for table `shares`
--

DROP TABLE IF EXISTS `shares`;
/*!40101 SET @saved_cs_client     = @@character_set_client */;
/*!40101 SET character_set_client = utf8 */;
CREATE TABLE `shares` (
  `id` int(10) unsigned NOT NULL AUTO_INCREMENT,
  `created_at` timestamp NULL DEFAULT NULL,
  `updated_at` timestamp NULL DEFAULT NULL,
  `user_id` int(10) unsigned DEFAULT NULL,
  `url` varchar(255) DEFAULT NULL,
  `title` varchar(255) DEFAULT NULL,
  `review` text DEFAULT NULL,
  `status` int(11) DEFAULT 0,
  `tag` varchar(255) DEFAULT NULL,
  `click_count` int(11) DEFAULT 0,
  `star_count` int(11) DEFAULT 0,
  `comment_count` int(11) DEFAULT 0,
  `checklist_id` int(10) unsigned DEFAULT 0,
  PRIMARY KEY (`id`),
  KEY `idx_shares_user_id` (`user_id`),
  KEY `idx_shares_tag` (`tag`)
) ENGINE=InnoDB AUTO_INCREMENT=20 DEFAULT CHARSET=utf8mb4;
/*!40101 SET character_set_client = @saved_cs_client */;

--
-- Dumping data for table `shares`
--

LOCK TABLES `shares` WRITE;
/*!40000 ALTER TABLE `shares` DISABLE KEYS */;
INSERT INTO `shares` VALUES (1,'2021-03-02 16:31:57','2021-03-05 15:38:05',5,'','哥布林矿池提现到gate教程','## 第一步:从矿池提现到ironbelly手机钱包\r\n\r\n1)、选择不用地址提现\r\n\r\n<img src=\"http://cdn.always.vip/mdImages/image-20210304202438156.png\" width = \"100%\" height = \"100%\" div align=center />\r\n\r\n2)、输入邮箱验证码\r\n\r\n<img src=\"http://cdn.always.vip/mdImages/截屏2021-03-04 下午8.16.36.png\" width = \"100%\" height = \"100%\" div align=center />\r\n3)查看slatepack\r\n\r\n<img src=\"http://cdn.always.vip/mdImages/image-20210304202753926.png\" width = \"100%\" height = \"100%\" div align=center />\r\n\r\n然后\r\n\r\n<img src=\"http://cdn.always.vip/mdImages/截屏2021-03-04 下午8.17.12.png\" width = \"100%\" height = \"100%\" div align=center />\r\n\r\n4)将slatepack信息复制到手机钱包中\r\n\r\n<img src=\"http://cdn.always.vip/mdImages/image-20210304203220247.png\" width = \"100%\" height = \"100%\" div align=center />\r\n\r\n然后\r\n\r\n\r\n<img src=\"http://cdn.always.vip/mdImages/image-20210304203400923.png\" width = \"100%\" height = \"100%\" div align=center />\r\n\r\n然后\r\n\r\n\r\n<img src=\"http://cdn.always.vip/mdImages/image-20210304203455560.png\" width = \"100%\" height = \"100%\" div align=center />\r\n\r\n5) 在矿池完结交易\r\n\r\n<img src=\"http://cdn.always.vip/mdImages/image-20210304203602158.png\" width = \"100%\" height = \"100%\" div align=center />\r\n\r\n然后\r\n\r\n\r\n<img src=\"http://cdn.always.vip/mdImages/image-20210304203713070.png\" width = \"100%\" height = \"100%\" div align=center />\r\n\r\n6)交易完成,这时候币已经到手机钱包了\r\n\r\n<img src=\"http://cdn.always.vip/mdImages/image-20210304204118364.png\" width = \"100%\" height = \"100%\" div align=center />\r\n\r\n\r\n\r\nOK,其实用过一次之后就会了~~~\r\n\r\n\r\n## 第二步:从手机钱包到gate\r\n\r\n1)、选择不用地址提现\r\n\r\n<img src=\"http://cdn.always.vip/mdImages/image-20210304202438156.png\" width = \"100%\" height = \"100%\" div align=center />\r\n\r\n2)、输入邮箱验证码\r\n\r\n<img src=\"http://cdn.always.vip/mdImages/截屏2021-03-04 下午8.16.36.png\" width = \"100%\" height = \"100%\" div align=center />\r\n3)查看slatepack\r\n\r\n<img src=\"http://cdn.always.vip/mdImages/image-20210304202753926.png\" width = \"100%\" height = \"100%\" div align=center />\r\n\r\n然后\r\n\r\n<img src=\"http://cdn.always.vip/mdImages/截屏2021-03-04 下午8.17.12.png\" width = \"100%\" height = \"100%\" div align=center />\r\n\r\n4)将slatepack信息复制到手机钱包中\r\n\r\n<img src=\"http://cdn.always.vip/mdImages/image-20210304203220247.png\" width = \"100%\" height = \"100%\" div align=center />\r\n\r\n然后\r\n\r\n\r\n<img src=\"http://cdn.always.vip/mdImages/image-20210304203400923.png\" width = \"100%\" height = \"100%\" div align=center />\r\n\r\n然后\r\n\r\n\r\n<img src=\"http://cdn.always.vip/mdImages/image-20210304203455560.png\" width = \"100%\" height = \"100%\" div align=center />\r\n\r\n5) 在矿池完结交易\r\n\r\n<img src=\"http://cdn.always.vip/mdImages/image-20210304203602158.png\" width = \"100%\" height = \"100%\" div align=center />\r\n\r\n然后\r\n\r\n\r\n<img src=\"http://cdn.always.vip/mdImages/image-20210304203713070.png\" width = \"100%\" height = \"100%\" div align=center />\r\n\r\n6)交易完成,这时候币已经到手机钱包了\r\n\r\n<img src=\"http://cdn.always.vip/mdImages/image-20210304204118364.png\" width = \"100%\" height = \"100%\" div align=center />\r\n\r\n\r\n\r\nOK,其实用过一次之后就会了~~~\r\n',0,'矿池',140,0,1,0),(2,'2021-03-04 13:44:31','2021-03-05 15:36:55',5,'','哥布林矿池提现到ironbelly手机钱包教程','1)、选择不用地址提现\r\n\r\n<img src=\"http://cdn.always.vip/mdImages/image-20210304202438156.png\" width = \"100%\" height = \"100%\" div align=center />\r\n\r\n2)、输入邮箱验证码\r\n\r\n<img src=\"http://cdn.always.vip/mdImages/截屏2021-03-04 下午8.16.36.png\" width = \"100%\" height = \"100%\" div align=center />\r\n3)查看slatepack\r\n\r\n<img src=\"http://cdn.always.vip/mdImages/image-20210304202753926.png\" width = \"100%\" height = \"100%\" div align=center />\r\n\r\n然后\r\n\r\n<img src=\"http://cdn.always.vip/mdImages/截屏2021-03-04 下午8.17.12.png\" width = \"100%\" height = \"100%\" div align=center />\r\n\r\n4)将slatepack信息复制到手机钱包中\r\n\r\n<img src=\"http://cdn.always.vip/mdImages/image-20210304203220247.png\" width = \"100%\" height = \"100%\" div align=center />\r\n\r\n然后\r\n\r\n\r\n<img src=\"http://cdn.always.vip/mdImages/image-20210304203400923.png\" width = \"100%\" height = \"100%\" div align=center />\r\n\r\n然后\r\n\r\n\r\n<img src=\"http://cdn.always.vip/mdImages/image-20210304203455560.png\" width = \"100%\" height = \"100%\" div align=center />\r\n\r\n5) 在矿池完结交易\r\n\r\n<img src=\"http://cdn.always.vip/mdImages/image-20210304203602158.png\" width = \"100%\" height = \"100%\" div align=center />\r\n\r\n然后\r\n\r\n\r\n<img src=\"http://cdn.always.vip/mdImages/image-20210304203713070.png\" width = \"100%\" height = \"100%\" div align=center />\r\n\r\n6)交易完成,这时候币已经到手机钱包了\r\n\r\n<img src=\"http://cdn.always.vip/mdImages/image-20210304204118364.png\" width = \"100%\" height = \"100%\" div align=center />\r\n\r\n\r\n\r\nOK,其实用过一次之后就会了~~~\r\n',0,'教程',151,0,0,0),(3,'2021-03-04 13:45:25','2021-03-05 15:35:38',5,'','从ironbelly手机钱包充值到gate','1)、首先手机上要安装vpn并打开(这个教程如果大家需要后面再写)\r\n\r\n<img src=\"http://cdn.always.vip/mdImages/image-20210304204359702.png\" width = \"100%\" height = \"100%\" div align=center />\r\n\r\n2)准备gate充值地址,注意  **充值金额小数点后面的数字必须和memo一样**\r\n\r\n<img src=\"http://cdn.always.vip/mdImages/image-20210304204909450.png\" width = \"100%\" height = \"100%\" div align=center />\r\n\r\n4)填写交易信息后发送\r\n\r\n<img src=\"http://cdn.always.vip/mdImages/image-20210304205734447.png\" width = \"100%\" height = \"100%\" div align=center />\r\n\r\n然后\r\n\r\n\r\n<img src=\"http://cdn.always.vip/mdImages/image-20210304205825907.png\" width = \"100%\" height = \"100%\" div align=center />\r\n\r\n5)交易完成\r\n\r\n<img src=\"http://cdn.always.vip/mdImages/image-20210304205901525.png\" width = \"100%\" height = \"100%\" div align=center />\r\n\r\n6)等半个小时gate就有显示了(我这是之前充值的记录)\r\n\r\n<img src=\"http://cdn.always.vip/mdImages/image-20210304210010881.png\" width = \"100%\" height = \"100%\" div align=center />\r\n\r\n',0,'教程',276,0,1,0),(4,'2021-03-06 05:15:46','2021-03-09 03:17:06',5,'https://10101.io/2020/02/05/how-to-use-clash-for-android','安卓手机开启VPN教程','## 1、下载Clash for Android\r\n\r\n[下载地址](cdn.always.vip:/downloads/clash-android.apk)\r\n\r\n## 2、在VPN服务商那注册并充值\r\n\r\n(这个服务商我一直在用,感觉还行,但是风险自己评估)\r\n\r\n[我的邀请链接](https://sub.saocaozuo.me/auth/register?code=cVo4)\r\n\r\n## 3、注册完成后:充值 ---> 购买套餐\r\n\r\n然后“用户中心”的“快速添加节点”中点击复制“SS节点订阅地址”\r\n\r\n<img src=\"http://cdn.always.vip/mdImages/image-20210306125451963.png\" width = \"100%\" height = \"100%\" div align=center />\r\n\r\n## 4、将复制的链接转换成Clash格式\r\n\r\nhttps://api.10101.io/sub?target=clash&url= + 你复制的链接(去掉+号)\r\n\r\n例如\r\n\r\n>https://api.10101.io/sub?target=clash&url=https://sub.saocaozuo.me/download/DGPrdsdada6ncfT1?mu=3.js\r\n\r\n## 5、在Clash App中按照下面的步骤操作\r\n\r\n<img src=\"http://cdn.always.vip/mdImages/image-20210306125838640.png\" width = \"100%\" height = \"100%\" div align=center />\r\n\r\n然后\r\n\r\n<img src=\"http://cdn.always.vip/mdImages/image-20210306125910766.png\" width = \"100%\" height = \"100%\" div align=center />\r\n\r\n然后\r\n\r\n<img src=\"http://cdn.always.vip/mdImages/image-20210306125940302.png\" width = \"100%\" height = \"100%\" div align=center />\r\n\r\n然后\r\n\r\n<img src=\"http://cdn.always.vip/mdImages/image-20210306130205248.png\" width = \"100%\" height = \"100%\" div align=center />\r\n\r\n然后\r\n\r\n<img src=\"http://cdn.always.vip/mdImages/image-20210306130304873.png\" width = \"100%\" height = \"100%\" div align=center />\r\n\r\n最后\r\n\r\n<img src=\"http://cdn.always.vip/mdImages/image-20210306130344581.png\" width = \"100%\" height = \"100%\" div align=center />\r\n\r\n\r\n成功\r\n\r\n<img src=\"http://cdn.always.vip/mdImages/image-20210306130425162.png\" width = \"100%\" height = \"100%\" div align=center />\r\n\r\nenjoy it !!!',0,'梯子',448,0,0,0),(5,'2021-03-06 06:28:25','2021-03-10 08:58:03',4,'','浅谈Grin的转账方式','在谈论前我们首先要知道 ***在Grin中是没有地址这个概念的***, 可能有人会疑惑“明明Grin++和Niffler这些钱包都能查看到Grin的地址,为什么说Grin没有地址呢?”\r\n### 接下来让我们来看看钱包里的“Grin地址”到底是什么吧~~~\r\n\r\n---\r\n\r\n### 目前我们见过的grin的交易方式应该有下面几种:\r\n\r\n>1. 手动交换slatepack信息\r\n>2. http(s)\r\n>3. grin地址(tor)\r\n\r\n    其中第1种是最原始的手动交互,而第2、3种是由程序帮我们自动交互的,其实步骤和第一种一样,只是我们看着只有一步.\r\n\r\n然后看看每一种的区别:\r\n- 第1种就是之前大家交易时手动复制然后发送一大串slatepack信息的那种;\r\n- 第2种大家应该最熟悉,就是之前各个交易所常用的充值提现方式,即地址是一个url(网址)那种;\r\n- 第3种则是现在gate采用的这种方式,即地址是“grin地址”,后面会讲到,其实这也是一个网址,只不过是“暗网”的一个网址.\r\n\r\n---\r\n\r\n>首先我们看手动交易方式(手动交换slatepack信息),用这种方式转过账的朋友应该知道:在转账时,对方的地址是可以不填写的,比如之前在微信群里用slatepack发红包时就没指定.这是因为指定地址就表明你这笔交易是发给这个地址的,其他人就抢不到了.所以这里我们可以发现,grin交易过程中是可以不用地址的.\r\n\r\n---\r\n\r\n>再看自动交换slatepack信息的交易方式(http/tor)第二种交易方式就不需要人手动交换slatepack信息了,这是因为第二种方式采用http协议(超文本传输协议),大家不需要知道http是怎么工作的,只需要看它中文名字-->“超文本传输协议”,原来它是一个传输文本的协议,就是它在帮助我们在本地钱包和交易所之间传递slatepack信息.同样tor和http的目的一样,都是在**帮我们完成交换slatepack信息**.但是http和tor的区别在于,http是一个普普通通的快递小哥,**当别人跟踪他时便能知道交易双方的地址(IP)**;而tor则是武林中十分擅长保护用户隐私的镖局,**别人无法通过追踪他来知道交易双方的信息**.在http中,双方的快递地址就是网址,即http充值地址;而在tor中,双方的快递地址就是洋葱网络中的网址,也就是常说的暗网的网址,而我们平时加密的slatepack的地址(如:**grin1396933wlcpnfgjug0fsdyj5ruqxy55hlqyy3jz2rrarpp96v5stqvq93vp**)其实就是一个tor网络的url.\r\n\r\n\r\n---\r\n\r\n至于使用tor要开vpn是因为TOR被我们的“高墙”给墙了,所以才需要,在国外其实就不需要开vpn了,所以其实grin在国外的体验应该是更爽一些的~~',0,'转账',424,0,0,0),(6,'2021-03-06 07:01:39','2021-03-06 07:01:39',26,'','关于古灵的小看法','关于古灵币的浅谈。认为古灵不只是高端人士用的，更重要的是如何让受众群体更广泛起来。也就是群里更多谈到的简化 便捷。作为一个小白，在群里学习，我是真有时候看不懂，只能自己慢慢的摸索。学习。如何更简易的让大家了解，知道，采纳。是我们要做的吧！',0,'古灵',150,0,0,0),(7,'2021-03-07 07:14:48','2021-03-07 08:48:10',4,'https://www.8btc.com/article/336245','历史不会重演，曾单价创3000BTC的Zcash投机潮不会在Grin上发生 | 巴比特','在币圈“ICO”、“预挖”、“私募”、“STO”等融资行为盛行的今天，一个旨在对所有人都公平的匿名币项目Grin开始在圈内蔓延，其引发了不少投（tou）资(ji)者的关注。\r\n\r\n这样的场景，不免让笔者想起了单价曾被爆炒至3000 BTC的匿名币项目Zcash。\r\n\r\n那么，Grin是否会引发投机热呢？\r\n\r\n笔者认为，会，但不会像Zcash那般疯狂。从其设计来看，Grin是一个极具理想主义色彩的密码货币实验，无论是匿名的创始人还是其公平的分配方式，似乎都在向satoshi nakamoto致敬，而其存在的大量《哈利.波特》元素，更为Grin项目增添了生动、亮丽的色彩。但这并无法保证Grin项目就会成功，它也面临着诸如门罗币、Zcash等匿名诸强的竞争，***此外，由于该项目无融资而完全依靠社区自愿维护的方式，其开发进度和可持续性也会成为一大问题。***\r\n\r\n从学习的角度来看，参与这个实验，尝试用笔记本参与它的挖矿，但不宜在二级市场上购买它的token。那么，即便Grin没有获得成功，你也可以体验一回矿工的感觉，同时能更好地理解区块链的概念。\r\n\r\n<img src=\"https://cdn.8btc.com/wp-content/uploads/2018/12/201812280532453428.jpg\" width=\"100%\" height=\"100%\" div=\"\" align=\"center\">\r\n\r\n（图片：古灵阁巫师银行，来自《哈利玻特》）\r\n\r\n \r\n## 那么，什么是Grin和MimbleWimble？\r\n \r\nGrin是MimbleWimble协议的一个实现，其旨在成为一个可扩展的隐私密码货币，它没有地址、没有交易数量，它有匿名的创始人，且由社区共同开发和维护，根据计划，Grin计划将于2019年1月15日左右开启公平的挖矿，而按其抗ASIC的设计，短期内任何人都可通过笔记本电脑参与Grin挖矿。\r\n\r\n那MimbleWimble协议又是什么呢？这种协议没有地址，并且所需的数据存储被最小化了，它是一种默认隐私交易的区块链，其也是可扩展的。与比特币协议相比，MimbleWimble只需存储约10%的数据需求。\r\n\r\n2016年8月2日，化名为 Tom Elvis Jedusor（哈利玻特里的伏地魔）的开发者在比特币开发论坛上发布了一个文本文件，概述了早期版本的MimbleWimble协议。其目的是通过软分叉的方式，将这种区块链设计植入到比特币当中，以此解决比特币的扩容问题，并为比特币添加隐私交易功能，然而，这一提案并没有被比特币所采用。\r\n\r\n2016年10月20日，一位不同的匿名开发者在同一个论坛上发布了他正在研究的MimbleWimble实现，并将其称为 Grin。\r\n\r\nGrin是第一个实施MimbleWimble协议的项目，这个基于社区的项目在2017年11月发布了测试网，而其第四个测试网（也是最后一个）目前也已发布。根据预计，我们会看到Grin主网在2019年初上线。\r\n\r\n而该项目之所以被称为Grin，则是为了向《哈利·波特》中的古灵阁魔法银行（Gringotts Wizarding Bank）致敬。\r\n\r\n \r\n\r\n## MimbleWimble协议是如何工作的？\r\n \r\n如果你想要理解MimbleWimble协议，前提是你需要基本理解比特币的未使用交易输出（UTXO）模型：\r\n\r\n如果Alice给Bob发送一个比特币，实际上她并不是像在现金社会那样，把一个比特币余额转给Bob，而后者的情况是非常好理解的：\r\n\r\n>1、Alice - 1 BTC；\r\n\r\n>2、Bob + 1 BTC；\r\n\r\n但这并不是比特币的会计工作原理。比特币的每笔交易都是由一组输入和输出组成的。有时，在一笔交易中可能有数百个输入，并且每笔交易需要由钱包软件单独签名。如你所见，这会向区块链添加大量的数据，并且会变得很麻烦。Alice的交易可能更像是这样的：\r\n>Alice–[0.2+0.1+0.7]，其中 [X+Y+Z]是需要由Alice的钱包捆绑和验证的先前交易。\r\n\r\n这有点复杂，但这是一个已证安全的共识模型。\r\n\r\n而MimbleWimble通过为所有输入和输出创建一个多重签名来改变这个比特币模型。参与交易的各方创建一个公共多重签名密钥，用于验证交易。系统中没有地址，因为参与交易的双方共享所谓的“致盲因子”（blinding factor），其中只有这两方知道他们正在参与一笔交易，这就保持了网络的隐私性。\r\n\r\n致盲因子是双方之间的共享秘密，用于对特定交易中的输入和输出，以及对交易方的公钥和私钥进行加密。MimbleWimble利用了佩德森承诺（Pedersen commitment ）方案，其中的全节点从交易（输出）接收侧的加密金额中减去交易（输入）发送侧的加密金额。\r\n\r\n平衡方程意味着没有币是可以凭空创造出来的，节点永远不需要知道交易金额是多少。\r\n\r\n而其和比特币最大的区别，在于MimbleWimble协议网络中的所有值都是完全模糊的，并且没有可重用或可识别的地址。唯一需要的验证是没有创建新的货币，并且参与交易的各方拥有其密钥的所有权。这两个过程都是使用致盲元素来模糊值的，依靠相乘和添加秘密因子来模糊实际值。\r\n\r\n下面是一个非常简单的，说明密码学中的致盲元素是如何工作的例子：\r\n\r\n>1+2=3 // 1+2-3=0\r\n\r\n这只是一个简单的平衡方程，表明没有创建新的货币（重新排列以显示余额为净零）。\r\n\r\n>1(5)+2(5)=3(5)\r\n\r\n这里，一个秘密数字5，被乘以变量，这模糊了原始值。\r\n\r\n>5+10=15\r\n\r\n值和致盲因子现在是私密的，你仍然可以证明没有创造新的货币。\r\n\r\nMimbleWimble的创造性在于，致盲因子实际上是交易方私钥和公钥的组合，因此通过该等式，我可以证明没有创造新的货币，并且我是密钥的所有者。\r\n\r\n在交易结束时，你将得到该交易的多重签名头信息，这比在整个区块链的全节点上公开保存所有输入和输出要轻松地多，并且只抛出多余的数据。\r\n\r\n而当前比特币和以太坊区块链的一个问题，在于运行全节点的单元数量在减少，这是因为，全节点需要下载来自所有交易的所有输入和输出数据，而随着时间的推移，这些数据呈指数级增长，例如，当前以太坊区块链的完整数据已经超过了1 TB，这对于节点运营者而言，负担过重。\r\n\r\n \r\n\r\nGrin的一些特点\r\n \r\nGrin是使用Rust编程语言开发的，和比特币一样的是，Grin也是使用的工作量证明（PoW）机制，略不同在于Grin使用了称为Cuckoo Cycle的PoW算法，目前其对ASIC有较大的抵抗力。此外，Grin还对MimbleWimble做了一些微小的改变，使其设计具有“抗量子”的特性。\r\n\r\n目前来看，MimbleWimble和Grin都是处于试验阶段，而以下是Grin项目可能存在的优点和缺点：\r\n\r\n## 优势：\r\n\r\n1.  默认隐私交易，其他隐私币项目因为权衡原因没有这样做；\r\n2. 没有ICO和预挖 （在当前背景下，显得非常良心，更能吸引人参与）；\r\n3. 核心开发者匿名，意味着他们只会关注技术和社区建设，而不会参与各种social活动；\r\n\r\n## 劣势：\r\n1. 节点需在线处理交易；\r\n2. 没有Script或任何编程语言；\r\n3. 市场上已存在很多强大的匿名币（包括Zcash、门罗币等），竞争非常激烈；\r\n4. 开发团队没有资金，缺乏激励，开发和运营完全依赖社区；\r\n\r\n根据目前的测试网来看，使用一台Macbook Pro (2018 i9) 和Raspberry Pi（或SSD磁盘）就足以运行一个全节点。当然，这只是当前的测试情况，当其主网上线时，竞争可能会变得更激烈。\r\n \r\n\r\n## 货币政策奇特，供应无上限\r\n \r\n根据Grin的货币政策设计，Grin的区块间隔时间为1分钟，区块奖励被设置为60 Grin token，然后通胀率逐渐降低，例如第一个周期段的年通胀率为400%，第二个周期段为200%，第三个周期段为133.3%，第四个周期段为100%…… 而10年后，其通胀率降低为10%，20年后低于5%，50年后的年通胀率则为2%。\r\n\r\n这里我们实际计算一下，其token的产生速度：\r\n\r\n在第一季度，整个网络会生成7884000个token，而1年后整个网络会有31536000个token，将近31年后，整个网络会有10亿个token，50年后整个网络大约会有15.4亿个token。\r\n\r\n<img src=\"https://cdn.8btc.com/wp-content/uploads/2018/12/201812280615202990.jpg\" width=\"100%\" height=\"100%\" div=\"\" align=\"center\">\r\n\r\n(token分配情况，完整数据：Grin Supply)\r\n\r\n从其货币政策的设计来看，我们可以看出，Grin并不适合短期参与炒作，这与Zcash的慢启动是有很大不同的，而曾创下3000 BTC 天价的Zcash炒作事件，也是因为其初期token供应的极其稀少，这为炒作提供了良好的条件。\r\n同时Grin没有上限的设置，也会引起很多的争议，这与比特币的设计是有很大不同的。\r\n\r\n \r\n\r\n## 结论：\r\n \r\nMimbleWimble和Grin是非常理想主义的密码货币实验，其面对着门罗币、Zcash等诸多较成熟的匿名币竞争者，当然这一协议也存在着诸多的亮点，但它并不适合短期的炒作。\r\n\r\n相比将其看成是一个投机机会，我更愿意将其视作是一个非常好的学习机会。\r\n\r\n \r\n\r\n \r\n\r\n## 参考资料：\r\n\r\n \r\n\r\n1、Grin Coin And MimbleWimble：https://cryptobriefing.com/grin-coin-mimblewimble-introduction/；\r\n\r\n2、https://github.com/mimblewimble/grin/blob/master/doc/intro.zh-cn.md；\r\n\r\n3、https://github.com/mimblewimble/docs/wiki/Monetary-Policy；\r\n\r\n4、老猫：一个Zcash的价值等于3000个比特币，你不知道这个世界有多疯狂；\r\n\r\n',0,'资讯',239,0,0,0),(8,'2021-03-07 07:27:25','2021-03-07 08:48:55',4,'https://www.8btc.com/article/346294','让人兴奋的 Grin 如何走到今天？谁在背后推动它？ | 巴比特','在公元 2019 年 1 月的今天，如果你还不知道著名的隐私协议 MimbleWimble、不知道基于这个协议发展出的两个区块链项目 Grin 和 BEAM，那么，该怎么说呢…\r\n\r\n\r\n你真应该好好读读下面这篇文章。实际上，即便你已经对这些名词熟烂于心，听了不少币圈意见领袖传销这两个项目，我们还是建议你认真读读这篇推送文章。\r\n\r\n\r\n因为，我们看到了关于 Grin 和 BEAM 这两个项目的虚火和泡沫，看到了上一轮 ICO 热潮中曾经为垃圾和泡沫摇旗呐喊的人又摇身一变，开始打扮成「密码朋克」的模样，换一种姿态重新上阵。\r\n\r\n\r\n我们相信，注重隐私保护的 MimbleWimble 协议是密码世界中一项重要的技术创新结晶。而 Grin 和 BEAM 这两个项目，正在努力完善并让该协议真正实现。尤其是 Grin，一小队理想主义者，用近乎笨拙和原始的方式，在一个已经混入太多沽名钓誉者的密码世界中试图建立一个纯碎的乌托邦。\r\n\r\n也这因为如此，我们希望花点时间来梳理一下，Grin 如何走到今天？谁在背后推动它发展？此外，链闻也采访了 Grin 的核心开发者，听听他们到底如何在工作。\r\n\r\n \r\n\r\n## 魔法传奇：从霍格沃茨到 Grin 和 BEAM\r\n \r\n先说说「Mimblewimble」怎么发音吧：Mim-bull-wim-bull。\r\n\r\n感觉绕口？那就对了。\r\n\r\n按照 MimbleWimble《官方中文简介》中的定义：\r\n\r\n>MimbleWimble 是一个区块链格式和协议，依托于健壮的加密原语，提供非常好的可扩展性、隐私和可替代性。\r\n「MimbleWimble」这个词实际上来自《哈利·波特》中一句让对方舌头可以打结的咒语。\r\n\r\n<img src=\"http://v1.8btc.com/wp-content/uploads/2019/01/201901151027413440.jpg\" width=\"100%\" height=\"100%\" div=\"\" align=\"center\">\r\n\r\nMimblewimble，先发制人。出自《哈利·波特与密室》黑魔法防御术教授 Gilderoy Lockhart\r\n\r\n短短两年内，Mimblewimble 已经成为了加密货币爱好者、比特币极端主义者、隐私捍卫者之间保护得最好的秘密之一。\r\n想了解这个协议的发展历史，必须让我们从奇幻的魔法世界开始，再进入虚拟的密码学宇宙。\r\n\r\n<img src=\"http://v1.8btc.com/wp-content/uploads/2019/01/201901151027525787.jpg\" width=\"100%\" height=\"100%\" div=\"\" align=\"center\">\r\n\r\n漂浮咒「Wingardium Leviosa」\r\n\r\n\r\n## Mimblewimble 进行时：从哈利波特到斯坦福\r\n**魔法世界首次亮相**\r\nMimblewimble 的首次亮相是在神作《哈利·波特》系列的第二部。在决斗俱乐部中，霍格沃茨黑魔法教授吉德罗 Gilderoy Lockhart 施出结舌咒「Mimblewimble」，他希望教会学生们预防蛇怪 Basilisk 的攻击，更好地保护自己。\r\n**魔法世界第二次亮相**\r\n在《哈利·波特》小说的后期，疯眼汉穆迪 Alastor Moody 施出结舌咒「Mimblewimble」保护凤凰社， 以防斯内普教授 Severus Snape 将凤凰社的位置透露给那个姓名不可道的人。施咒 Mimblewimble 就是想让斯内普离开，而一旦他想透露位置，咒语就会让他的舌头打结。\r\n**魔法世界第三次亮相**\r\n哈利、赫敏、罗恩三人从食死徒中逃脱后，在凤凰社找藏身之处时，受到了这个咒语的影响。冷风掠过，冻住了他们的舌头，没法说话。\r\n**密码世界首次亮相**\r\n现在，让我们从小说回归现实。\r\nMimblewimble 现实起源于聊天软件 mIRC 的 #bitcoin-wizards 频道。\r\n\r\n2016 年 8 月 2 日 04:30 UTC，一位自称 Tom Elvis Jedusor 其 mIRC id 为 majorplayer 的人发布了一个链接到文本文件的 .onion 后，提出了关于「Mimblewimble 」协议的想法和核心思路。\r\n\r\n然后，销声匿迹。\r\n\r\n<img src=\"http://v1.8btc.com/wp-content/uploads/2019/01/201901151027573943.jpg\" width=\"100%\" height=\"100%\" div=\"\" align=\"center\">\r\n\r\n\r\n在法语中，伏地魔 Voldemort 是 Tom Elvis Jedusor 的异序词：Je suis Voldemort。\r\n\r\n就像比特币的真本聪一样，这个人使用假名，留下了一个希望改变世界的协议。只不过这一次，他 / 她巧妙地把协议宗旨与哈利·波特结合起来。\r\n\r\n这个文本文件标记的日期是「2016 年 7 月 19 日」。如果有兴趣，你现在可以在下面这个链接读到 Tom Elvis Jedusor 抛出的最早文件：\r\n\r\n>https://scalingbitcoin.org/papers/mimblewimble.txt\r\n\r\n**密码朋克出场了**\r\n假名为「Tom Elvis Jedusor」的大侠抛出了一个含有基本思路的文本文件便消声觅迹，这迅速引发了关注隐私技术的大咖关注。\r\n第二天早上，Blockstream 数学家 Andrew Poelstra 和比特币核心开发者 Bryan Bishop 关注到了这个文件，并展开研究。\r\n\r\n据 Andrew Poelstra 后来介绍，实际上他在一周之前已经注意到了在某些密码朋克讨论社群里透露出的一些些关于 Mimblewimble 协议的零星信息。他从一些零星信息判断出，有个新协议具有和比特币相似的隐私保护功能，但是更巧妙且独特，又可以支持 Blockstream 正在开发的比特币侧链 Elements Alpha，所以一直非常留心这个新协议发展的点点滴滴。\r\n\r\n想了解 Mimblewimble 的后续发展，Andrew Poelstra 和 Bryan Bishop 这两位密码大侠你必须认识一下。\r\n\r\n据 Block123.com 数据，Andrew Poelstra 是区块链技术公司 Blockstream 的数学家，领导其研究团队。在过去的二十年里，他一直从事软件开发，有十年开源、密码学的经验。他于 2011 年底接触到比特币，加入 Greg Maxwell 与 Pieter Wuille 联合创办的 Blockstream，开发了 libsecp256k1 高性能加密库。\r\n\r\n<img src=\"http://v1.8btc.com/wp-content/uploads/2019/01/201901151028018940.jpg\"  alert=\"Blockstream 数学家 Andrew Poelstra\" width=\"100%\" height=\"100%\" div=\"\" align=\"center\">\r\nBlockstream 数学家 Andrew Poelstra\r\n\r\nAndrew Poelstra 一头长发，本科主修数学，研究生却从事了艺术研究。在得克萨斯州立大学攻读艺术研究硕士学位的时候，他对比特币产生了浓厚兴趣，撰写了不少关于比特币和加密学的论文。\r\n而 Bryan Bishop，在 GitHub 的代号为 「kanzure」，是比特币核心开发者之一。他也是首家取得美国官方批准的加密数字资产交易平台 LedgerX 的开发者之一。\r\n\r\n\r\n<img src=\"http://v1.8btc.com/wp-content/uploads/2019/01/201901151028042929.jpg\"   width=\"100%\" height=\"100%\" div=\"\" align=\"center\">\r\n\r\n比特币核心开发者 Bryan Bishop\r\n\r\n在接下来的一周，Andrew Poelstra 与他在 Blockstream 的同事、另一位核心技术工程师 Greg Sanders 等一众开发者在 Reddit 上对新协议展开了讨论。\r\n他们深入了解了 Mimblewimble 的信任模型，认为如果按照这个协议设计出新的加密货币，会有过人之处。\r\n\r\n之后的一个月中，Andrew Poelstra 与另外一位开发者 Avi Kulkarni 一同为 Mimblewimble 最初版本的协议开发了名为「sinking signature」的扩展，可以极大的提高该协议的可扩展性。\r\n\r\n10 月 8 日，米兰举行了「比特币扩展大会」， Andrew Poelstra 在会上详细介绍了 Mimblewimble 协议的具体特点，并且发布了他撰写的一篇工作论文。\r\n\r\n他在论文中提出，最初的 Mimblewimble 论文提出了很好的想法，并且有很具体的细节来说明这个想法，但是缺失一些内容，并且含有一个错误，而他的这篇论文让最初的想法更加准确，并且提出了提高其扩展性的方法。特别是最初的论文对如何压缩区块链交易历史的问题并没有给出解决方案，而 Andrew Poelstra 和其他一些开发者进行了继续研究，在新论文中实现了把 PoW 区块链的交易历史进行压缩，从 15G 压缩到不足 1M。\r\n\r\n从这开始，Mimblewimble 这项协议基本成型，只待有人具体实施起来。\r\n\r\n与此同时，Andrew Poelstra 一直强调：「我可不是 Tom Elvis Jedusor！」\r\n\r\n**Grin 出世**\r\n时间又过了大概两周。\r\n2016 年 10 月 20 日 23:47 UTC，《哈利·波特》宇宙中的另一个角色「Ignotus Peverell」出现在同一个 mIRC 频道。这个匿名人宣布要设立一个新项目来实现 MimbleWimble 协议。他在 GitHub 上建立了一个名为「Grin」的项目。\r\n\r\nGrin 就此诞生。\r\n\r\n「Ignotus Peverell 」是一个假名，也是《哈利·波特》故事中的一个人物， 传说他拥有一件隐形衣，这件隐形衣甚至可以让他有能力摆脱死神的追逐。\r\n\r\n\r\n <img src=\"http://v1.8btc.com/wp-content/uploads/2019/01/201901151028089710.jpg\"   width=\"100%\" height=\"100%\" div=\"\" align=\"center\">\r\n\r\nIgnotus Peverell 在 Grin 社区中的头像，他 / 她在社区中非常活跃，但是没有人知道其真实身份\r\n\r\n在密码世界中，假名为「Ignotus Peverell 」的这个开发者一直很好地保护着自己的身份。他被视为 Grin 项目的创始人和社区中的精神领袖，但是直到今天，也没有人了解他的真实身份。\r\n\r\n <img src=\"http://v1.8btc.com/wp-content/uploads/2019/01/201901151028119101.jpg\"   width=\"100%\" height=\"100%\" div=\"\" align=\"center\">\r\n\r\n《哈利·波特》中拥有隐形斗篷的巫师\r\n\r\n「Ignotus Peverell 」宣布要基于 MimbleWimble 协议创立 Grin 项目的消息马上引起了 Andrew Poelstra 和 Bryan Bishop 的兴趣。\r\n在接下来的几周里，《哈利·波特》中的其他人物陆续亮相，他们共同帮助 Grin 项目稳步向前推进。\r\n\r\n2017 年 1 月 17 日，Andrew Poelstra 与因发明了比特币匿名交易技术 TumbleBit 而闻名世界的开发者 Ethan Heilman 见面，他们探讨了闪电网络 Lightning、零知识条件支付等等技术，自然也对 MimbleWimble 进行了切磋，他们二人还发现了一个强大的新原语，可以在 MimbleWimble 中做到前面提的所有功能。\r\n\r\n <img src=\"http://v1.8btc.com/wp-content/uploads/2019/01/201901151028149457.jpg\"   width=\"100%\" height=\"100%\" div=\"\" align=\"center\">\r\n\r\n比特币匿名支付协议 TumbleBit 的共同发明人 Ethan Heilman\r\n\r\nEthan Heilman 是美国加密数字货币交易平台 Commonwealth Crypto 的联合创始人兼 CTO，也是比特币匿名支付协议 TumbleBit 的共同发明人 。他为比特币核心做出了改进，破解了一些加密哈希函数，并主持了 2017 年比特币技术计划委员会，曾在 PubGet 和 Jumptamp 担任工程师。\r\nAndrew Poelstra 与 Ethan Heilman 见面的第二天，韩国首尔比特币 Meetup 的创办者和组织者 Ruben Somsen 在 Reddit 发消息给 Andrew Poelstra，解释了 如何获得永不过期的双向通道。\r\n\r\n <img src=\"http://v1.8btc.com/wp-content/uploads/2019/01/201901151028171259.jpg\"   width=\"100%\" height=\"100%\" div=\"\" align=\"center\">\r\n\r\n右为韩国首尔比特币 Meetup 组织者 Ruben Somsen\r\n\r\nRuben Somsen 本身是一名技术文档的翻译，擅长将英语翻译成荷兰语，因为在荷兰读大学时专业为日语，加上在亚洲生活多年，所以同时也掌握日语和韩语。2013 年， Somsen 第一次接触比特币，开始钻研其中，他想找人聊聊，但苦于首尔当时没有这样的圈子组织，他便开始组建了韩国首尔比特币 Meetup，一直坚持下来，该组织有近 2000 名会员，平均每月会有 50 名与会者。\r\n在 Andrew Poelstra 和其他这些比特币社区成员的支持下，MimbleWimble 协议和 Grin 这个项目的技术基础逐渐完善起来。\r\n\r\n2017 年 1 月 27 日，Andrew Poelstra 在斯坦福大学当年举办的区块链协议分析和安全工程会议上，做了一个关于 Mimblewimble 的演讲。他系统介绍了关于 Mimblewimble 研究的成果，引起广泛关注。\r\n\r\n自此之后， Grin 开始受到众多研究人员和硬核开发者的密切关注。\r\n\r\n <img src=\"http://v1.8btc.com/wp-content/uploads/2019/01/201901151028193516.jpg\"   width=\"100%\" height=\"100%\" div=\"\" align=\"center\">\r\n\r\nAndrew Poelstra 在斯坦福的演讲现场\r\n\r\nAndrew Poelstra 一直否认他是 Grin 的创始人「Ignotus Peverell」。他说自己虽然参与了 Grin，但并没有贡献代码。\r\n之后，到了 2017 年 3 月，Ignotus Peverell 在 Github 上发布了《Mimblewimble 和 Grin 的 技术介绍》。这个文件简洁且系统的介绍了 Grin 项目。华人开发者余志刚 Gary Yu 将这个文件翻译成了中文。\r\n\r\n如果对 Grin 这个项目和 Mimblewimble 协议感兴趣，我们强烈推荐阅读这个文件，获得一手信息：\r\n\r\n>https://github.com/mimblewimble/grin/blob/master/doc/intro.zh-cn.md\r\n\r\n至此，Grin 项目也已经开始初见雏形。\r\n \r\n\r\nMimblewimble 进行时：从斯坦福到 Grin 和 BEAM\r\n \r\n <img src=\"http://v1.8btc.com/wp-content/uploads/2019/01/201901151028214305.jpg\"   width=\"100%\" height=\"100%\" div=\"\" align=\"center\">\r\n\r\nGrin 和 BEAM\r\n\r\n如上所述，Grin 是第一个实施 Mimblewimble 的项目。\r\n这个以社区为基础的项目在 2017 年 11 月发布了测试网，此时距 Ignotus Peverell 的首次亮相将近一年。随后，2018 年 3 月，Grin 的 第二个测试网发布。\r\n\r\n与此同时，另一个对 Mimblewimble 有着不一样诠释的新项目出现在加密货币的版图上。它便是 BEAM。\r\n\r\nBEAM 和 Grin 均立足于 Mimblewimble 协议，但是产品差别极大。BEAM 使用 C++ 编写，出块使用的是和 Zcash 一样的 Equihash 工作证明算法。此外， BEAM 完全由公司化运作，由以色列一家初创公司运营维护，并且这家公司和 BEAM 基金会会在项目开发前五年内获得新开采加密货币的 20％ 作为奖励，用于资助 BEAM 的进一步开发和推广。\r\n\r\n相比之下，Grin 采用的是和比特币一样完全社区化去中心运作的模式，不接受任何投资。\r\n\r\n由于公司化运作，出现时间较晚的 BEAM 动作更加迅速，在 2019 年 1 月 3 日实现主网上线。\r\n\r\n直到北京时间 2019 年 1 月 15 日晚间，众望所归的 Grin 终于可以实现主网上线。\r\n\r\n至此，两年时间，Mimblewimble 以优雅而独创的方法试图解决隐私、扩展性、可替代性等问题，俘获了众多加密领域和爱好者的芳心。\r\n\r\n尽管对于 Grin 这个充满了理想主义色彩的项目未来能否成功，市场上依然争议重重，但是面对 Mimblewimble 从无到有、在密码朋克群体中相互支持终于实现落地这个事实，我们也像被施了魔法世界的结舌咒，有些激动的无言以对。\r\n\r\n \r\n\r\n**致敬那些社区贡献者**\r\n \r\n从 Mimblewimble 协议出现到 Grin 项目最终实现，其中起到了主导作用的核心推动者主要有三位：伏地魔「Tom Elvis Jedusor」、隐形衣巫师「Ignotus Peverell」和 Blockstream 的研发总监 Andrew Poelstra。其中，只有 Andrew Poelstra 是真实姓名，他对完善 Mimblewimble 协议和 Grin 项目白皮书贡献巨大，但是实际上却并未直接参与 Grin 和 BEAM 两个项目的开发工作。\r\n\r\nGrin 在治理机制上力主去中心化与公平参与，其开发工作是靠一个自发形成的社区成员的社区自治组织，他们通过各种协同工作软件，展开开发和生态建设工作。\r\n\r\n荷兰的计算机科学家 John Tromp 贡献了名为「布谷鸟环 Cuckoo Cycle」的抗 ASIC 算法，其他的一些核心开发者还包括 BlockCypher 的软件工程师 Quentin Le Sceller、独立开发者 Michael Cordner、PokerStars 的高级产品经理 Daniel Lehnberg 等人。\r\n\r\n这些核心开发者中，仅有独立开发者 Michael Cordner 全职参与 Grin 相关的开发工作。\r\n\r\nMichael Cordner 人在爱尔兰都柏林，之前曾自己创立过一家电子课件产品公司，他从 2017 年 5 月开始参与 Grin 开发，从去年 2 月开始，全职加入 Grin 的开发工作。\r\n\r\n由于 Grin 完全社区化运作，并无专门的薪酬安排，所以，Michael Cordner 只能靠自己通过 Grin 的社区发起「开发者基金」，以募捐的方式为自己筹集薪酬。\r\n\r\n <img src=\"http://v1.8btc.com/wp-content/uploads/2019/01/201901151028232103.jpg\"   width=\"100%\" height=\"100%\" div=\"\" align=\"center\">\r\n\r\nGrin 社区中唯一的全职开发者 Michael Cordner\r\n\r\n截止目前，Michael Cordner 以及成功发起了三次募捐，均顺利完成。这些募捐来的资金让他可以保证平均每月获得大约 1.2 万美元的收入。\r\n他刚刚发起了第四轮募捐活动，希望为自己筹到 5.5 万欧元的资金，作为 2019 年 3 月到 8 月的收入。\r\n\r\n由于 Michael Cordner 作为唯一的全职开发者需要为自己的工资募资，所以在很多区块链网站可以看到对他进行的采访。他也成为介绍 Grin 开发进度最常见的形象之一。\r\n\r\n链闻还专门与参与 Grin 生态建设的 Daniel Lehnberg 进行了沟通。\r\n\r\nDaniel Lehnberg 目前在在线游戏网站 PokerStars 担任高级产品经理，利用工作之余参与到 Grin 的社区建设中。\r\n\r\n他告诉链闻，2018 年 2 月时，一位朋友推荐他了解一下 Grin 这个项目。读了 Grin 和 Mimblewimble 协议的资料，又看了几个介绍之后，他对这项技术和 Grin 这个项目背后的理念深深吸引。\r\n\r\n「我真的觉得这种寻找公平的加密货币、完全由社区推动、不由任何公司主导并且不给任何早期参与者不公平优势的做法非常有道理。于是，我开始在论坛潜水，并且更频繁的参与讨论。Grin 社区的开放和友好让我印象深刻。」 Daniel Lehnberg 对链闻说，「社区都聚焦在工作和解决问题，我能感觉到那种智慧带来的激励，所以参与也越来越多」。\r\n\r\nDaniel Lehnberg 说，他每天都会在 Grin 项目上投入一两个小时。由于他的背景是产品管理，所以他在 Grin 社区中主要把时间用在审读和文档工作，并积极与社区互动，在 Grin 项目的 GitHub 代码仓库中，非技术性文档的梳理工作都由他负责。\r\n\r\n <img src=\"http://v1.8btc.com/wp-content/uploads/2019/01/201901151028259060.jpg\"   width=\"100%\" height=\"100%\" div=\"\" align=\"center\">\r\n\r\nGrin 核心开发者、Grin Council 成员 Daniel Lehnberg\r\n\r\n在此之外，Daniel Lehnberg 自己还每周编制一份关于 Grin 的电子通信「GrinNews」。人人都可以通过网站 grin.news 订阅这个每周出版的电子出版物，了解该项目的具体进展。\r\n但是，他再三强调，这个出版物并不是 Grin 的「官方出版物」，因为作为一个社区型项目，并无「官方」一说。他告诉链闻：「这就是开源项目之美，Grin 真的是这样运作的，没有所谓的官方一说。我做这个就是觉得社区需求。这不需要获得谁的批准，只有别人觉得有用，它才会成功。谁想参与或者贡献，那就行动起来，只要让别人觉得有用即可。」\r\n\r\n正是很多很多像 Daniel Lehnberg 这样的贡献者，正在支撑着 Grin 乌托邦式的梦想逐渐实现。\r\n\r\n尽管每个外来者都想猜猜「Ignotus Peverell」这个匿名的隐身巫师是谁，但是你猜这些天天与之互动的核心开发者怎么看这个匿名的神秘「社区领袖」？\r\n\r\nDaniel Lehnberg 说，「我们一直与 Ignotus Peverell 通过文字聊天沟通。我真的没什么兴趣想知道他或她的真实身份是什么。他或她是谁，这对我没什么区别。」\r\n\r\n**关于 Grin 发展历史参考文献：**\r\n\r\n- https://medium.com/beam-mw/a-short-history-of-mimblewimble-from-hogwarts-to-mobile-wallets-2514a21debb\r\n- https://cyber.stanford.edu/sites/default/files/andrewpoelstra.pdf\r\n ',0,'资讯',232,0,0,0),(9,'2021-03-07 07:34:17','2021-03-07 08:48:34',4,'https://www.8btc.com/article/346760','MimbleWimble：历史、技术及Grin | 巴比特','前言：如果你想了解隐私加密货币Grin，这是一篇不错的文章。Mimblewimble协议在隐私保护上有特点，尽管它因此牺牲其他功能。有特点的不平衡远比没有特点的完美更引人注目。本文作者Arjun Balaji，文章来自于theblockcrypto，由“蓝狐笔记”公众号社群的“Sien”翻译。\r\n\r\nMimbleWimble及Grin的历史回顾\r\n \r\nMimbleWimble是专注于可互换性、隐私性以及可扩展性的区块链协议。它于2016年7月由一位匿名名字为Tom Elvis Jedusor的人在IRC频道#bitcoin-wizards上发布。它提出了结合交易的新方法，用于改善公链的隐私功能。\r\n\r\nJedusor的论文建立于另外一篇同样是匿名的论文基础上，该论文于2013年提出单向聚合签名（OWAS），它要求新的加密原语、配对加密，在学术界这并不受信任。它还从“保密交易”和“CoinJoin”两个提案中获取灵感，这两个隐私提案是由Bitcoin Core 开发者Gregory Maxwell提出来的。\r\n\r\n最初的MimbleWimble论文使用了跟比特币相同的椭圆曲线加密技术，这吸引了不少比特币研究者的注意，这其中包括Andrew Poelstra，他是Blockstream的数学家和应用密码学家，他在MimbleWimble白皮书上进行了优化，于2016年10月发布了“精确”版本。Poelstra的工作长期以来一直专注于隐私方面，曾参与过比特币的“保密交易”、“无脚本脚本”这两方面工作。\r\n\r\n最初，有设想把MimbleWimble集成进入比特币的升级版本或作为侧链存在，但Blockstream的联合创始人及Bitcoin Core开发者Pieter Wuille澄清了一些问题，他认为在比特币中集成会存在向后兼容的挑战。\r\n\r\n“以向后兼容的方式将mimblewimble引入比特币会是艰难工作。虽然不是不可能，但会很难。如果人们想试验它，我期待通过独立链或侧链的方式来进行。在侧链中，我们不会引入新的加密货币，但它会是独立链。mimblewimble有它的缺点。特别是，它没有脚本语言......脚本语言非常简洁，但它存在隐私问题。mimblewimble则走向另外一个方向，它有很好的隐私保护，但它兼顾不了其他功能。”\r\n\r\nMimbleWimble做出的平衡排除了富有表现力的脚本语言，脚本语言可以支持一些创新，比如支付通道（闪电网络等）和跨链原子交换，这两者都是于2017年比特币推出的。从那时起，两个独立实施的MimbleWimble协议项目开始出现，两者在社区、气质、资金和技术细节上都有不同的考虑。\r\n\r\n第一个实施的项目是Grin，已经成为MimbleWimble的代名词，在Poelsta的基调文件发布几天后推出。创建者采用了匿名名字Ignotus Peverell（Harry隐形斗篷的最初拥有者），他创造了Github项目ignopeverell/grin，其中他提供了用Rust编写的协议的部分实现，此外，他还发布了对项目精神的看法。\r\n\r\n2017年3月，Peverell发布了对Grin和MimbleWimble的技术介绍，现在MimbleWimble一词已经风格化了，它是如今协议规范的主要参考。到目前为止，项目由一群以匿名为主的开发者维护，其中一些开发人员根据项目的最初精神采用了“哈利波特”小说里面的名字。如Luna Vovegood、Seamus Finnigan以及Percy Weasley。第一个Grin测试网络于2017年11月启动，该项目目前为止在testnet 4上，据说这是项目主网发布前的最后一个测试网络。\r\n\r\n第二个实施的项目是BEAM，它于2018年3月启动，并于Mimblewimble原始论文发布一周之际正式对外宣布。BEAM有单独的白皮书，也伴随着一个功能齐全的挖矿节点以及钱包客户端，它采用了类似于Zcash的更正式的结构，这与Grin的自由主义、开源气质形成鲜明对比。BEAM团队由以色列企业家Alexander Zaidelson领导。\r\n\r\n通过明确的管理和工程团队、预售、正式的基金会以及创始人的税收，BEAM采用了一种与Grin完成不同的道路，它在市场上展示了竞争性的替代品。除了围绕项目创造正式的结构之外，BEAM团队采用了与Grin不同的技术路线选择，包括在货币政策和哈希算法等方面的不同决策。\r\n\r\nBEAM计划于2019年1月发布，在哈希率方面有关键主导。\r\n\r\n理解比特币的UTXO模型和加密原语\r\n \r\n注意：这绝不是比特币或密码学的全面介绍，但提供一定的背景，让读者尽可能了解。\r\n\r\n从一开始，隐私和可互换性一直都是比特币用户的重点关心问题。通过复杂的网络分析和区块链分析，比特币做了很多尝试进行交易的匿名化。有些加密货币把隐私当作最高优先级（如门罗和Zcash）。比特币已经在协议层和交易层都可以看到隐私和可互换性方面的显著改进。\r\n\r\nGrin和BEAM都采用UTXO（未花费交易输出）模型，这与比特币相同，跟以太坊之类的基于账户的模型不同。\r\n\r\n1\r\n\r\n可视化的比特币UTXO模型，来自Bitcoin.org\r\n\r\n当通过新交易TX1和TX2发送9万聪时，产生了2个输出（分别是4万聪和5万聪），两个输出发送到由发送人确定的一定量的地址。\r\n通过使用加密哈希，Grin和BEAM都实现了这一点。在非常高的级别，哈希功能允许你接受输入，应用加密哈希函数或CHF（这是标准转换），并得到固定大小的输出（称为摘要）。说明如下：\r\n\r\n最重要的是：CHF的魔力代表了攻击者和防御者之间的不对称。这是什么意思？对输入进行哈希处理很容易，但，实际上很难对摘要进行逆向工作以获得原始信息。这是一件好事：世界上绝大多数的互联网安全假设，从密码到公/私钥都是进行过哈希处理的，除非有一天我们有强大的量子计算机，否则这个假设一直存在。\r\n\r\n2\r\n\r\n加密哈希函数的图表。资料来源：Wikipedia\r\n\r\n在比特币的UTXO模型中，很明显，有三种信息是公开可见且可验证的：输入信息、输出信息、交易金额。所有这些信息都不会被隐藏，并且可以轻松验证系统中有多少钱（因为所有的UTXO都会增加系统中预期的比特币供应量）。\r\n然而，这些特性伴随着权衡：比特币交易不是非常私密，因为所有这些信息对外部世界并没有加密，它们只是经过哈希处理。虽然社区已经采用了更好的实践，例如不鼓励地址重复使用，鼓励使用“混合”（比特币随着“新鲜”的UTXO返回给你），CoinJoin和保密交易等隐私相关的工作已经发展到为用户提供更强的隐私功能。\r\n\r\nMimbleWimble如何改进隐私？\r\n \r\n为了实现隐私，MimbleWimble基于“保密交易”和“CoinJoin”对比特币UTXO模型进行了一些改变。从文档中可以看到：\r\n\r\n没有地址\r\n没有金额\r\n2个交易，一个花费另一个，可以合并到一个区块中，只形成一个，删除所有中间信息。\r\n前两个部分可以通过使用“保密交易”来解释，它是由前Blockstream CTO提出来的，它目前在比特币侧链Blockstream Liquid上实施，它采用了加密原语，该加密原语被称为Pederson 承诺机制，目的是改进比特币的UTXO模型。有了保密交易，只有交易参与方可以看到交易金额。理论上，这听上去很棒，但有一个关键问题：你需要系统中的非参与者能够判断交易什么时候是虚假的——这可以防止任何用户进行双花。\r\n这是怎么做到的？加密承诺听上去很奇特，但它的意思是说，“我证明我知道哈希处理前的信息，因为我不能逆向该哈希来揭示我知道的。”即使在加密货币之外，人们也会使用承诺来证明公开预测，例如Nic Carter于1月1日对2018年项目发展的公开预测。在2019年，Nic将能够揭示他的清单（用纯文本的英文），人们能够轻易验证他的清单与前年进行哈希处理的信息是否相匹配。\r\n\r\n在比特币中，简单的加密哈希函数用于实现交易承诺，输入、输出和交易金额都很关键。Pederson承诺通过确保输入和输出的总和是相等且可验证来优化这一点。允许这种确定性的加密证明超出本文范围，但这揭示了一个关键洞察：所花费的具体输入和输出量可以保密，同时系统的安全性保持不变（以及非参与者对任何特定交易中的安全可验证）。\r\n\r\n但是，如果使用100BTC作为保密交易的输入并忽略-100BTC，那么如何来防止一个人接受两个输入（例如-100BTC，100BTC）？“保密交易”的解决方案是使用另一个被称为范围证明的加密原语。该证明通过保证系统内的输入处在一定范围内（在这种情况下为正），以此确保总货币供应的不可篡改。\r\n\r\nMimbleWimble实施都使用“保密交易”，以确保在系统中地址或金额的不可见。\r\n\r\n上面提到的第三个目标：“移除所有中间信息”，是通过使用CoinJoin来解释的，CoinJoin是由Gregory Maxwell创建，并且说明了网络中的交易图。尽管在一个交易中的隐藏信息被明确显示是关键的，并且使用“保密交易”来完成，但交易的历史依然拥有大量隐含信息，这允许人们通过大量算力轻松实现可视化，并推断出一个网络中不同交易之间的关系。这种图形的例子如下：\r\n\r\n3\r\n\r\n比特币交易可视化的例子，Benedict Koehler提供\r\n\r\n这不算是前所未有的——像Elliptic和Chainalysis这样的初创公司使用这种形式的链上取证来检测欺诈和“非法交易”（例如，洗钱、黑市活动），它们得到来自加密交易所（用于合规）或政府组织的充足资助。由于比特币网络图的易于追踪，对于必要的私人交易来说，比特币依然不是好的选择。\r\n虽然对于完全隐私的优点提出道德论证超出本文的关注范围，但这个问题不仅仅适用于毒贩和洗钱者：一个易于追踪的网络图允许分析人员随着时间的推移对交易做出越来越强烈的推断。保持这方面的隐私依然是所有原始网络资金的目标。\r\n\r\n在CoinJoin中，来自于多个用户的输入被组合在所谓的匿名集里面，并且混合一起以确保交易图更难以被追踪。如下图所示，其中Alice和Bob的10BTC和20BTC输入被混合进一个CoinJoin交易中。\r\n\r\n4\r\n\r\nCoinJoin图，由Artncase提供\r\n\r\n像Wasabi钱包这样的比特币钱包已经实施CoinJoin，以此为比特币提供交易层隐私。然而，这并不让人满意。这些产品的匿名集往往很小，每笔交易只有少数参与者，往往需要花费大量时间才能获得匹配的资金。研究者甚至能够对小型匿名集中的大多数交易进行去匿名化。\r\nMimbleWimble则通过让CoinJoin成为协议核心部分来解决这个问题，而不是通过第三方钱包或服务实现交易层的隐私改进。在MimbleWimble中，每个区块的所有交易都会自动折叠成单个交易，并且大多数中间交易信息都是隐藏的。\r\n\r\n现在你可能正在考虑：我的输入、输出以及交易金额都是隐藏的，交易图可以充分混淆......还有没有其他方法促使相关人搞清楚我在做什么？最后一个潜在失败点在于个体节点可以实现去匿名化，方式是通过利用原始的IP地址。\r\n\r\n当比特币交易来自钱包时，它会广播到一组节点，然后快速广播到他们的对等节点，这些节点是比特币的八卦网络节点。在将它们合并进入区块之前，因为个别交易是分段广播的，想要了解你交易的监测者可以记录交易以及来源的IP地址，他们希望利用该信息获取有关某人活动的信息。\r\n\r\nMimbleWimble提出的解决方案是基于另一项最初为比特币设计的改进方案：“蒲公英”。它是由伊利诺伊大学厄巴纳-香槟分校一组研究人员设想出来的。从2017年以来，它一直在公开的比特币改进提案中讨论。\r\n\r\n“蒲公英”的目标是混淆比特币交易的IP地址。蒲公英的花瓣有一根茎干，之后是它们完全开花。同样，跟蒲公英一样，比特币交易分为两个阶段广播到网络：“茎干”阶段（交易被混淆）；“绒毛”阶段（广播出去）。\r\n\r\n首先交易被广播到单个节点，然后将它中继到另外一个单独节点，直到原始对等节点有足够的“跃点”。这个时候，交易被广播到其余的八卦网络。下面可以看到关于它的可视化，其中交易是广播到一个单一节点（阶段1），之后才被广播到其他剩余的网络对等节点（阶段2）。\r\n\r\n5\r\n图片来自于Giulia Fanti在里斯本演讲“蒲公英介绍”\r\n\r\n保密交易、CoinJoin以及蒲公英等这些优化的结合使得MimbleWimble的实施可以消除一些传统观念，比如地址：生成交易的人所做的承诺服务于公/私钥的目的，该公私钥对用于比特币以执行交易。这使得MimbleWimble可以通过提供完全私有的加密货币来实现实质的隐私优化。\r\n \r\n\r\nBEAM和Grin的区别\r\n \r\n虽然Grin和BEAM都是从零开始实现MimbleWimble协议，但两者有些许差别：\r\n\r\nGrin的主要实现是用Rust编写，而BEAM的主要实现是用C++编写。\r\n\r\n虽然两个团队都专注于抗ASIC，但他们采用了不同的方式，采用不同的哈希算法和初始方法。\r\n\r\nGrin OS团队对权衡取舍有广泛分析，他们选择坚持开源治理，而不是正式的基金会。其中一个平衡是资金，Grin坚持通过捐赠方式来解决。除了有跟Zcash类似的20%的区块奖励之外，BEAM还进行了一轮私人融资。\r\n\r\nGrin的货币政策中，“每秒产生一个新的grin代币”，使得供应量保持持续的通胀，通胀率会逐渐接近于零。这与其他加密货币如比特币有意识形态上的差异。比特币的设计是通缩的。具体来说，Grin团队目的是阻止囤积grin代币。相比而言，BEAM有固定的供应量，大约2.63亿枚代币。\r\n\r\n如果出现错误，Grin会提供部分同步模式和几种缓解策略。这允许节点用完整节点同步所需的一小部分数据同步到网络，BEAM则需要全部数据。\r\n\r\nBEAM提供传统的保密交易（使用Bulletprooof签名）。此外，BEAM还提出可审计钱包的设计。选择可审计功能允许企业或其他用户生成独有的公/私钥对，密钥对可以让外部第三方验证资金或其他任何存储在交易中的元数据（例如，其他文档或数字资产）。Grin团队则明确选择放弃扩展除核心功能之外的其他功能。\r\n\r\n挖矿概况\r\nGrin和BEAM挖矿方面的情况还不明朗，因为两个网络都还很新。\r\nBEAM团队选择优化的Equihash PoW。（Equihash150,5，包括了额外的数据路径更改，以抗ASIC。）除了计划的六个月硬分叉之外，它还旨在从网络上抗ASIC。\r\n\r\nGrin使用了革新的Cuckoo Cycle来启动，它是一个替代性的PoW系统，由John Tromp于2015年开发。尽管该算法试图防止ASIC，但团队一直认为ASIC是潜在的必然。解决方案出现于2018年9月：使用两种算法。一种优化为ASIC友好型（Cuckatoo31+），另一种允许GPU竞争（Cuckaroo29），而PoW每24小时平衡这两种算法的挖矿奖励。\r\n\r\nGrin和BEAM早期矿工选择的GPU似乎是Nvidia GTX 1088TI，该通用硬件也可用于挖其他很多区块链。\r\n\r\n早期BEAM发布统计数据似乎显示有两个主要的矿池：sparkpool.com(它是多资产的矿池，约占69%的哈希率)，bepool.org(约占30%的哈希率)，一共约1.5m solutions/sec。具体的solutions/sec数可能取决于矿工所使用的硬件（也可优化），但使用OpenCL矿工时钟约10 sols / sec，基于CUDA的矿工时钟约15-20 sols / sec，那么，大概有100,000+的GPU目前正在保护网络的安全。\r\n\r\nGrin的挖矿市场更加制度化，十几家私人挖矿运营商正在向加密基金、家族基金以及高净值人群推销。个人矿工有机会在它们推出时加入矿池。grin矿池（BlockCypher推出）和MWGrinpool.com是社区的两个选择。\r\n\r\n早期的挖矿仍然存在困难：其他GPU的矿工（如AMD芯片组）不易访问，矿池软件不够稳健和可靠，多重签名钱包的基础设施还不完善，优化在市场上还不为人知。这给早期矿工提供了实质的信息不对称，他们可以利用技术的先进性。一些公司的目标是构建像713的grinbox这样的基础设施。\r\n\r\n结论\r\n在一个有社会信用系统和人工智能技术的世界中，这些技术会越来越了解你交易什么，跟谁进行交易，甚至预测未来会发生什么。很显然，在设计未来货币系统时，隐私非常重要。\r\n甚至使用隐私方法（例如比特币混合器），在执法者看来可能会“污染”用户，完全隐私的货币允许用户对其意图具有合理的否定性。虽然他们可能无法隐藏，但这是一个重要区别。\r\n\r\nGrin和BEAM给市场带来两种完全不同的方法。尽管表面上，它们都是基于MimbleWimble的，但它们在各个方面都有实质不同。它需要几个月，甚至更长时间，才能看到谁是“胜利者”。虽然目前还不清楚哪一个会赢，两个项目的发展给热心者提供了测试的机会，尤其是他们认为的重要方面：\r\n\r\n完美概念的项目跟有更正式资助的项目，两者如何竞争？大多数都一样？\r\n\r\n在早期，用户体验（似乎BEAM领先）相对于其他因素有多重要？其他因素例如品牌（似乎Grin领先）\r\n\r\n边缘的隐私加密货币（革新的）是否有机会在拥挤的市场中获得动力？这个拥挤的领域包括了Zcash、Monero、比特币自身的隐私优化。（译注：其实除了这些，还有很多本文没有提及：比如Dash、Verge、PIVX、ABE等）\r\n\r\n对于隐私币来说，这会是令人兴奋的一年。',0,'资讯',229,0,0,0),(10,'2021-03-07 08:13:46','2021-03-07 13:50:14',4,'https://www.8btc.com/article/356876','嘲笑 Grin 之前，你应该知道这个去中心化项目如何运作 | 巴比特','>为何 Grin 被热炒了一轮，但是 Grin 开发者却依然又苦又穷？\r\n\r\n链闻在2月1日披露了Grin创始人Ignotus Peverell对这个热门项目目前的生态发展的方式略感失望的消息。Ignotus Peverell直言自己对 Grin 早期的生态发展方式感到失望的一个主要原因就是，Grin 的价格在二级市场上被炒作的同时，为该项目唯一的全职开发者 Yeastplume 进行的筹薪活动却非常不顺利， 当时筹集到的资金不足目标的 10%。 640 Grin 创始人 Ignotus Peverell 发文表示对 Grin 早期的生态发展方式感到失望\r\n\r\n<img src=\"http://v1.8btc.com/wp-content/uploads/2019/02/201902030608032668.jpg\" width=\"100%\" height=\"100%\" div=\"\" align=\"center\">\r\n\r\n该文章发布之后，社区成员迅速解囊，北京时间晚 8 点 07 分左右，随着一位捐赠人向 Grin 项目唯一的全职开发人员 Yeastplume 的筹薪募捐地址捐出 10 个比特币，本轮为该开发者筹集 2019 年 3 月到 8 月薪酬的活动共计筹集到了约 5.5 万欧元的资金，达到了既定目标。\r\n一些链闻的读者也通过各种渠道向我们反馈，参与了Yeastplume的筹薪募捐，为这个项目的开发奉上自己或多或少的贡献。\r\n\r\n不过，市场上也出现了一些对这个项目嘲讽的声音：一个连自己的团队都不能养活的区块链项目，如何谈长期的发展？\r\n\r\n显然，很多人对 Grin 这个项目的「完全去中心化」和「完全社区推动模式」运作并不熟悉。为此，链闻希望结合 Grin 核心开发者在 GitHub 上公布的有关该项目运营的介绍，详细的介绍一下这个热门项目非常具有特点的运作方式。\r\n\r\n\r\n## 为什么「Grin 团队」这么穷？\r\n- 第一，Grin 没有进行 ICO。第二，Grin 的核心开发者从一开始就决定，不接受任何投资人和投资机构的「投资」。所以，不可能有任何资金「直接投资」于 Grin 这个项目的开发者。\r\n- 该项目没有创始人奖励；\r\n- Grin 长达两年的开发过程 100％ 由社区资助，没有任何附加条件；\r\n- Grin 项目通过自己的网站列出所有正在进行的募捐活动，以及之前已完成募捐活动的支出情况。该项目社区会针对具体需求发起一些专项募捐，比如最近刚刚完成了一次募捐，募集的资金专项用于主网上线前的安全审计。\r\n- Grin 的核心开发者一直强调，在利益相关者方面，整个 Grin 社区就是该项目的利益相关者。\r\n\r\n\r\n> 链闻注：Grin 核心开发者中仅有一位全职开发者。他网名为「Yeastplume」，真名叫 Michael Cordner，生活在爱尔兰都柏林，之前曾自己创立过一家电子课件产品公司，他从 2017 年 5 月开始参与 Grin 开发，从 2018 年 2 月开始，全职加入 Grin 的开发工作。\r\n\r\n> 由于 Grin 完全社区化运作，并无专门的薪酬安排，所以，Michael Cordner 只能靠自己通过 Grin 的社区发起专项开发基金，以募捐的方式为自己筹集薪酬。截止目前，Michael Cordner 已经成功发起了三次募捐，均顺利完成。这些募捐来的资金让他可以保证平均每月获得大约 1.2 万美元的收入。他发起的第四轮募捐活动希望为自己筹到 5.5 万欧元的资金，作为 2019 年 3 月到 8 月的工资收入，刚刚在 2 月 1 日晚间完成。\r\n\r\n>由于 Michael Cordner 作为唯一的全职开发者需要为自己的工资募资，所以在很多区块链网站可以看到对他进行的采访。他也成为介绍 Grin 开发进度最常见的形象之一。\r\n\r\n\r\n## 我有点糊涂，到底有没有 Grin 项目团队？\r\n \r\n- 准确的说法是：Grin 这个项目没有管理团队，没有运营团队，没有营销团队。\r\n- 2016 年 10 月 20 日「隐形衣巫师」Ignotus Peverell 匿名创建了 Grin 这个开发项目，旨在实现 Mimblewimble 协议。之所以这样做，是认为该技术有很大的潜力，能实现可扩展和同质化加密货币，值得进一步实验。\r\n- Grin 这个项目通过社区合作开发的方式，聚集了一些核心开发者和核心贡献者 。在 GitHub 上可以查看这些核心参与者的数据和个人信息：\r\n- https://github.com/mimblewimble/grin/graphs/contributors\r\n- 这些贡献者遍布世界各地：新加坡、柏林、荷兰、伦敦、都柏林、加拿大、加利福尼亚等，还有些人则来自未知的地理位置。\r\n- 这些核心贡献者非常敬业，他们一直积极参与开发，但是没有收取任何形式的付款或补偿。唯一的例外是 Yeastplume，2018 年 2 月以来通过社区捐款获得全职工资。\r\n- Grin 这个项目没有「官方顾问」一说，但是在社区论坛上，核心开发者曾经表示过，他们认为「社区成员」和 Grin 的技术邮件列表订阅者都算是该项目的顾问，因为这些人都在积极为该项目献计献策。\r\n\r\n\r\n## 这些核心开发者如何工作？\r\n \r\n- Grin 的社区通过 GitHub 的聊天室 Gitter 每两周召开一次治理会议和开发会议，通过这些会议就社区关心的问题展开讨论，并且达成共识。\r\n- 任何人都可以提交会议议题建议，并可以参与这些会议。\r\n- 这些会议的议程和讨论内容都是公开的，希望以尽可能透明的方式作出项目决策。这些会议的记录摘要可以在这里查阅：https://github.com/mimblewimble/grin-pm\r\n \r\n\r\n## 有人说自己是 Grin 的官方「合作伙伴」，这是真的吗？\r\n- 这种说法一定是假的，Grin 没有任何商业上的合作伙伴。\r\n- 因为这是一个完全社区推动的项目，所以并没有「官方认可」一说。\r\n- Grin 没有「官方媒体」，没有「官方活动」，所有对 Grin 的报道和相关的线下活动，都是社区爱好者自发行为。\r\n- Grin 的核心开发者 Daniel Lehnberg 曾向链闻解释为什么没有所谓的「官方活动」、「官方媒体」。他说：「这就是开源项目之美，Grin 真的是这样运作的，没有所谓的官方一说。做事情应该看社区需求，不需要获得谁的批准，只有别人觉得有用，它才会成功。谁想参与或者贡献，那就行动起来，只要让别人觉得有用即可。」\r\n## Grin 项目会像其他一些去中心化项目那样，设立一个非盈利基金会吗？\r\n \r\n- 就这个问题，Grin 创始人 Ignotus Peverell 曾在社区论坛发帖，邀请社区成员进行过充分讨论，并且 Grin 的治理会议也专门设定议题进行过讨论。\r\n- 最终社区达成的共识是：当前和未来，Grin 还没有成立官方基金的计划。\r\n- Grin 社区也专门就设立基金会的目的，以及其他项目设立基金会的做法进行了专项研究，一些核心发现非常值得了解：\r\n\r\n### 其他项目设立基金的经验：\r\n- 比特币基金会陷入了领导权的纠纷，还收到了美国机构要求终止运营的信件。\r\n- Tezos 基金的创始人遭到恶性的法律纠纷，当时 4 亿美元的资金被锁定。\r\n- Monero 社区在最初就选择不设立基金会。\r\n- Aragon 宣布致力于让自己的基金会去中心化运作，减少责任。\r\n- Zcash 基金会发布了治理流程，展示了他们的一些活动、挑战以及来自社区的反馈。Zcash 基金会声明将社区、协议/治理、科学研究确定为基金的三大支柱。最近 Zcash 基金董事会表示其目标是「存在足够长的时间，以至于变得无关紧要或不必要。」\r\n- MakerDAO 在《Maker 治理框架》中宣布了基金会提案，「逐步去中心化」是提案的一部分。\r\n- Cardano 基金会主席因声名狼借而离职。\r\n\r\n### Grin 社区讨论中认为基金会可能发挥的作用：\r\n- 拥有或管理资产。拥有对社区有价值的资产，例如域名、商标、IP、登录信息、帐户权限、艺术和媒体资产等。\r\n- 担任官方代表。担任项目的发言人，回答媒体相关的提问，发布「官方」声明。\r\n- 提供法律保护。承担项目的法律责任，以保护社区的开发者等人不被起诉。\r\n- 提供法律建议。在发生法律冲突时向社区成员提供建议和支持。\r\n- 接受慈善捐款。接受社区成员的捐赠，促进项目的利益发展。\r\n- 资助项目开发和研究。将捐款和基金资源资助对项目重要的开发和研究工作。\r\n- 教育、游说、结盟。教育当局关于议定做什么和不做什么的问题，向政治家们说明为什么他们不应该禁止隐私币，证明项目如何符合当地法规，加入重视隐私的慈善组织联盟等。\r\n- 培育和发展社区。建设社区活动、会议、研讨会、见面会、主持演讲等。\r\n- 制定与协议和治理相关的决策。讨论有争议的话题，一些基金会极力避免在治理中加以干预，另一些则更主动和负责地「指导」社区，并在硬分叉时期和协议冲突时提供建议。\r\n- Grin 社区讨论中对基金会的实际作用进行的一些总结：\r\n- 基金会发挥作用的例子不胜枚，但是实际上，基金会似乎不是解决上述问题的先决条件，这些问题也可以参照社区的具体案例解决，目前并不清楚基金会是否能做得更好。\r\n- 成立基金将产生开销，并将权力集中到一个物理存在的法律实体。对于一个力求去中心化的项目而言，这似乎是矛盾的。另一方面，相较于可能处理问题不妥的社区临时工作，专业化运作的基金会效率和问责制度更优。所以权衡和妥协难以避免，社区该决定什么是更有价值的。\r\n- 经过取舍，Grin 社区最终决定不设立基金会，而完全通过社区自发治理。\r\n\r\n\r\n## Grin 的运作有法律风险吗？\r\n因为 Grin 是一个社区推动型项目，所以并无法律意义上的法人实体； Grin 核心开发者曾表示，就其所只，「项目相关人员过去或现在都未涉及任何未决的法律案件」，不过，「由于贡献者众多，且很多人匿名，掌握的实情有限」。\r\n\r\n\r\n**参考资料** \r\n\r\n- https://github.com/mimblewimble/docs/wiki/Exchange-A-Questions#wiki-pages-box\r\n- https://github.com/mimblewimble/docs/wiki/Regarding-Foundations \r\n- https://www.grin-forum.org/t/governance-plan/461',0,'资讯',238,0,0,0),(11,'2021-03-07 13:00:19','2021-03-07 13:39:54',5,'https://www.8btc.com/article/368537','为什么保持匿名？为什么设置通胀型供应曲线？Grin创始人为你解答 | 巴比特','今年1月，全新的隐私加密货币Grin在万众瞩目下上线了。Grin的创始人追随者比特币创造者中本聪的脚步，同样保持了自己的匿名身份，自称Ignotus Peverell——一个来自哈利波特的名字。我们通过邮件询问了Grin上线后的情况，我们希望了解到加密货币领域能从Peverell的经历中学到什么。为了更清楚地明白Peverell想要表达的意思，本次对话经过了不改变原意的调整。\r\n\r\n---\r\n\r\n### 首先，Grin上线之后的状态怎么样？\r\n\r\n> Ignotus Peverell：目前非常好。从技术方面来看，目前不存在任何重大问题，Grin社区也在快速成长。当然，我们依然处于发展早期，还有很多事情需要做，用户体验和性能改进是比较重要的部分。从研究方面来看，也有一些比较大的改进，将来很有前景。\r\n\r\n### 在区块链和加密货币炒作如此密集的今天，为什么要选择让Grin成为一种完全由社区驱动且非盈利性质的币种？\r\n\r\n> Ignotus Peverell：首先，过度狂热的现象的确存在。其次，我对大多数新项目存在的道德风险感到不适。无论各种文章和报道中怎么说，如果你选择站在法律的这一边，免费的资金是不存在的。通过ICO取得大量的资金只会带来更多的问题。我更愿意创造一些我自己相信的东西，并且一直坚持下去。Grin目前采取的方法似乎是我能想到的最好的选择，我们可以同时远离很多烦心事以及舆论的攻击。\r\n\r\n### 为什么你认为世界需要一种新的隐私币？\r\n\r\n>Ignotus Peverell：无论是从前还是现在，我对大多数加密货币的发展方向都不太满意，包括非隐私类币种。与从前相比，如今我们似乎对加密货币有了更清晰的定位：创造更好的货币。而实现这一目标需要一些既引人注目又显而易见的特征：数字化、隐私、可靠性（这里我指的是安全以及抗审查）以及其他一些特点。然而，大多数项目都是为了创造更多的泡沫。需要说明的是，我非常尊重那些努力推进研究的项目。但这些应该属于研究，而非他人口中所说的巨大改变。\r\n\r\n>我并非极端主义者（通常被用来形容极端的比特币死忠粉），但我的确认同比特币的理念。但比特币已经存在10年了，想要有意义地改变它已经是不可能的，这10年就像一个世纪，从那以后人们进行了大量的研究和开发。在MimbleWimble白皮书发布之后，它似乎成为了一个实现目标的最佳选择。\r\n\r\n\r\n### Grin的经济设计有一点很有意思，就是供应量曲线是“通胀型”，至少从理论上来说是这样。而bitcoiner害怕通胀，喜欢“硬通货”，你认为这样有说服力吗？\r\n\r\n\r\n> Ignotus Peverell：不见得。没有证据显示比特币的供应曲线是最好的。甚至有不少可靠的研究证实了这种供应曲线存在一些问题。老实说，我并不擅长经济学。因此，从实用主义的角度来看，最好的方法似乎是相信那些经过合理证明且正确的策略，无论是经验上的还是经过可靠研究的。而在这些立场缺失的情况下，只需要选择最简单的理性方案。早期释放过多新币存在欺诈嫌疑，而且跟预挖没有区别。Tail Emission（指的是到了一定的时间之后，平均每个区块产出新币的数量永远保持不变）才更加安全。\r\n\r\n>考虑到所有隐私，不间断地释放新币可以是正确的供应方式，这种方式更加简单，减少了市场将要面临的不确定性（即减半），而且也很公平。那么还有什么理由反对这种方式呢？\r\n\r\n### Beam给Grin的安全审核提供了一些支持。这两个项目在技术上是有共同点的，对于他们之间的关系你怎么看？\r\n\r\n> Ignotus Peverell：对于MimbleWimble存在一个普遍误区，即其是一种全面的加密货币方案，因此会让Beam和我们变得难以区分。但白皮书实际上非常短，只能说明区块链设计的一小部分。因此，即便我们的很多设计都基于MimbleWimble，但实际上我认为Grin更接近门罗币或者比特币。我们对Beam对Grin的支持表示感谢，同样也很感激其他支持Grin的友好项目和公司。\r\n\r\n\r\n### 你选择保持匿名，而在今时今日，这样的项目负责人不多了，是什么驱使你成为了这样的保守派？\r\n\r\n> Ignotus Peverell：保持匿名似乎没什么坏处。出于对我自己以及我身边的人的考虑，在这个圈子里，我不想要面对成为一个公众人物的压力。作为一个匿名人物，我就不会受到任何人的影响，也不会有人从我身上间接获利。我可以和直接与Grin接触的开发者以及贡献者保持距离：这样人们就会责备我，而非他们。我不公开身份也能避免两极分化，让Grin变得更去中心化。我不能在公众面前露面，不能参加各种会议，不能露播客，也不能发推，但这是好事。这就意味着在Grin社区又更多的公众人物，并非仅仅我一个人。这也有助于实现自我的约束与控制。\r\n\r\n\r\n### Grin开发者Yeastplume在为他的开发工作募集资金的时候，社区的反应比较沉默，你也对此表示了失望。尽管最后募集到的资金还是超出了预期，但你是否会担心Grin在长期发展过程中会出现资金短缺的问题？\r\n\r\n> Ignotus Peverell：社区已经多次在我们需要的时候现身，并且十分支持我们。我们需要一个支持Grin走向成功的社区。我希望所有对Grin感兴趣的组织能够放下竞争，意识到他们可以通过给出建设性支持的方式而获益。举个例子，很多关系紧张的公司都直接或间接对Linux内核的研发做出了贡献。我希望Grin也能做到这一点。Grin在成长的同时，我们也在成长。至于我嘛，暂时还算过得去。如果我需要任何帮助，我会让大家知道的。\r\n\r\n\r\n### 很多人都认为，伴随着泡沫和暴跌而来的Grin是让加密货币回归草根的标志。对于加密货币和区块链在未来5到10年的发展以及应用，你有什么要对这个行业说的吗？\r\n\r\n> Ignotus Peverell：清晰地认识到你自己的目标，并且坚持下去。要有耐心，对于财富应保持警惕，因为财富可能让你分心。我们目前研发的开源项目正好就需要和钱打交道。最重要的还是接受开源精神，保持谦卑和友好。\r\n我坚信我们有机会对大多数人的生活产生积极的影响。不要在杂草中迷了路。',0,'资讯',485,0,0,0),(12,'2021-03-08 01:05:35','2021-03-10 07:24:40',4,'https://forum.grin.mw/t/call-for-grin-community-candidates-for-additional-fund-granting-control/8521','呼吁Grin社区候选人进行额外的资金授予​​控制','>Grin 将会增选开发基金的控制人员,现转发通知(采用Google翻译),原文可点击标题右侧的“原文”查看\r\n\r\n---\r\n\r\n在创始人Ignotus Peverell领导的志愿者进行了多年的开发努力之后，Grin是一种不收取任何预提税或开发税的加密货币。\r\n持续发展的唯一资金来源来自对Grin普通基金的捐款[1]。\r\n得益于许多慷慨的捐款，包括2019年的两次早期比特币币库捐款，以及最近的比特币价格飙升，Grin现在发现自己资金充裕，达到几百万美元。\r\n比特币资金存放在由Grin委员会成员控制的多重签名钱包中。\r\n\r\nRFC 0014 [2]指定支出Grin开发基金的准则。\r\n筹款请求在Grin论坛上提出，并在1-3周后在一次公开会议上决定。\r\n\r\n一些社区成员表示关切，目前的筹资模式在理事会7个成员的控制下以及他们对Grin应该是什么的愿景的控制之下，过多地影响了Grin的发展方向。一个相关的关切是，大多数资金是申请并授予安理会若干成员的。\r\n\r\n对此，安理会表示愿意与更广泛的Grin社区的人们共享资金控制权。\r\n在公开讨论了采取何种形式后，现在有3项提案[3] [4] [5]，要求选择社区成员以增加对单个现有基金的控制权或完全控制权从现有基金中拆分出来的1或2个独立基金中的1个。\r\n\r\n为了简化选择最佳提案和选择该提案的候选人所面临的挑战，\r\n我们邀请有志于帮助资助Grin项目的社区成员提出其候选人资格，并指出他们希望在其下实施的3个提案中的哪一个。然后，所有在2021年3月底之前提出的申请都将在4月考虑，以选择最喜欢的提案，并由谁提供。\r\n\r\n每个候选人都应在Grin论坛[6]的“管理”类别下使用其自己的主题（“新主题”）。\r\n\r\n- [1] [Grin 1](https://grin.mw/fund)\r\n- [2] [grin-rfcs/0014-general-fund-guidelines.md at master · mimblewimble/grin-rfcs · GitHub 1](https://github.com/mimblewimble/grin-rfcs/blob/master/text/0014-general-fund-guidelines.md)\r\n- [3] https://forum.grin.mw/t/fund-alternative-a-grants-model-proposal\r\n- [4] https://forum.grin.mw/t/fund-alternative-a-split-fund-proposal\r\n- [5] https://forum.grin.mw/t/fund-alternative-another-split-fund-proposal\r\n- [6] https://forum.grin.mw/ 1',0,'grin社区治理',541,0,0,0),(13,'2021-03-08 01:49:15','2021-03-08 01:49:15',4,'','从gate提币到手机钱包','>严格按照下面的步骤执行\r\n\r\n1. 手机VPN打开,提币期间一直打开(**确认可以访问Google**)\r\n2. 打开手机钱包,并复制grin地址(**Grin++要地址变绿后才能开始提币**)\r\n3. 将grin地址复制到gate提现\r\n\r\n**⚠️ 手机钱包在提币期间要一直打开,最好开始提币后就不用从手机钱包切换到其他APP**',0,'教程',358,0,1,0),(14,'2021-03-08 05:58:36','2021-03-09 02:30:15',31,'','HotBit如何提币到Niffler','1. 首先下载最新版本的Niffler V0.7.0\r\n\r\n2. 登录hotBIt,提币会让你填写 添加Grin地址。\r\n\r\n3. 登录自己的Niffler钱包，点击用Hedwig收币，会弹出一串地址，（注意：转币期间不能关闭这个服务）\r\n\r\n4. hotBIt,填写这个提币地址，开始提币\r\n\r\n5. 大概等待10分钟左右（我提的是10来分钟，可能会更快）到账\r\n\r\n---\r\n\r\n注意：钱包一定要下载最新版本，安装启动钱包时关闭杀毒软件。\r\n\r\n>钱包地址： https://github.com/grinfans/Niffler/releases',0,'Niffler HotBit提币',226,0,2,0),(15,'2021-03-09 09:04:06','2021-03-09 09:04:25',31,'','如何在grin.fan购物','1.登录grin.fan\r\n\r\n2.如果你没有账号请先注册\r\n\r\n3.点击商店-选择商品-加入购物车\r\n\r\n4.点击结算，填写 姓名地址等信息\r\n\r\n5.然后下单\r\n\r\n6.最关键的一步。点击下单后会弹出 grin 付款地址。\r\n\r\n7.打开自己的Niffler钱包 选择- 发送 - 通过https/http发送.输入付款地址 即可\r\n\r\n8.在商城中查看发送状态，耐心等待，交易完成\r\n',0,'教程',229,0,0,0),(16,'2021-03-11 07:20:34','2021-03-11 07:20:34',31,'','Grin币没有钱包地址的概念','Grin是首个实现MimbleWimble区块链协议的开源软件项目，其旨在成为一个可扩展的隐私密码货币，它没有地址的概念，其创始人和主要开发者皆为匿名，项目由社区共同开发和维护.',0,'教程',232,0,0,0),(17,'2021-03-13 07:34:22','2021-03-13 07:36:26',4,'https://mp.weixin.qq.com/s/3AyFd34GUKXdW7084xOhJg','Grin社区商店正式发售第二批iPollo Grin G1-mini矿机','<img src=\"http://cdn.always.vip/mdImages/WechatIMG13.jpeg\" width = \"100%\" height = \"100%\" div align=center />\r\n\r\niPollo Grin G1-mini矿机预售过程完成，预售规则可参见 https://mp.weixin.qq.com/s/2tI7IX8gl2EqTzB4r9Kflg。\r\n\r\n根据规则，以下图中前20名小伙伴获得购买资格：\r\n\r\n\r\n<img src=\"http://cdn.always.vip/mdImages/WechatIMG14.png\" width = \"20%\" height = \"50%\" div align=center />\r\n\r\n排名依据对社区贡献，并优先手里没有Grin算力的新矿工，以同时达到矿机流入Grin长期支持者手中并且让Grin算力更分散的两个目的。名单前20名的同学，可以按需进行付款了，付款时间截至2021年3月14日。如果有前20但在规定时间内未成功付款的，社区会按顺序电话顺序通知21名以后的同学，21名以后的同学在未通知情况下擅自付款无效。\r\n\r\n **https://grin.fan/product/ipollo-g1-mini-batch2/**  以**3500**元社区贡献者特惠发售价，并结合近期Grin法币价格核算，售价为***1118Grin/台***。\r\n\r\n请排名Top20的小伙伴务必在2021-03-14 中午12点前完成付款，否则视为自动放弃购买。\r\n\r\n>免责声明：Grin社区商店只是销售渠道，最终矿机的交付取决于iPollo矿机生产商。\r\n\r\n',0,'社区',477,0,0,0),(18,'2021-06-20 05:22:32','2021-07-04 13:08:48',5,'http://pool.always.vip','pool.always.vip,开张大吉','# 论坛矿池开张大吉\r\n- 费率低至1%\r\n\r\n- 每周从论坛矿池利润中拿出一部分奖励***幸运用户***\r\n\r\n- 参与抽奖用户因满足下列条件:\r\n\r\n  - 是论坛用户\r\n  - 是矿池用户\r\n  - 矿池和论坛用同一邮箱注册\r\n  - 当周应至少在论坛贡献一片较高质量文章\r\n  - 当周在矿池平均算力至少0.2G\r\n   \r\n- 每周日晚8点公布幸运用户,并发布奖励\r\n\r\n## 相关链接\r\n- [论坛矿池](http://pool.always.vip/)\r\n- [论坛矿池-客服专栏](http://forum.always.vip/share/detail?id=19)\r\n\r\n\r\n# 活动公告\r\n## 第一周 (21-6-20 ~ 21-6-27)\r\n- 论坛发文人数：0 人\r\n- 论坛矿池挖矿人数：\r\n -  总人数:13人\r\n -  当前算力:84~86G\r\n\r\n参与抽奖人数:0人\r\n\r\n\r\n## 第二周 (21-6-28 ~ 21-7-4)\r\n- 论坛发文人数：0 人\r\n- 论坛矿池挖矿人数：\r\n -  总人数:22人\r\n -  当前算力:370 G\r\n\r\n参与抽奖人数:0人\r\n',0,'公告',364,0,1,0),(19,'2021-06-20 05:26:02','2021-07-04 13:14:56',5,'http://pool.always.vip/','pool.always.vip 常见问题汇总','# pool.always.vip 常见问题汇总\r\n\r\n## 1、矿池费率\r\n- grin ： 1%\r\n\r\n## 2、如何查看每日收益？\r\n- 绑定地址后每日自动打币，打币记录即为每日收益\r\n\r\n## 3、矿池需要注册吗？\r\n- 矿池不需要单独注册，使用邮箱地址参与挖矿即为注册\r\n\r\n## 4、每日收益怎么计算的？\r\n- 今日收益是指今天00:00到当前的收益\r\n- 每日收益是每天上午10点对前一天收益进行结算时的账户余额，即昨天10点到今天10点的收益',0,'客服',253,0,1,0);
/*!40000 ALTER TABLE `shares` ENABLE KEYS */;
UNLOCK TABLES;

--
-- Table structure for table `tags`
--

DROP TABLE IF EXISTS `tags`;
/*!40101 SET @saved_cs_client     = @@character_set_client */;
/*!40101 SET character_set_client = utf8 */;
CREATE TABLE `tags` (
  `id` int(10) unsigned NOT NULL AUTO_INCREMENT,
  `created_at` timestamp NULL DEFAULT NULL,
  `updated_at` timestamp NULL DEFAULT NULL,
  `name` varchar(255) DEFAULT NULL,
  `hierarchy` int(11) DEFAULT 0,
  `parent` varchar(255) DEFAULT NULL,
  `desc` text DEFAULT NULL,
  `count` int(11) DEFAULT NULL,
  PRIMARY KEY (`id`),
  UNIQUE KEY `uix_tags_name` (`name`),
  KEY `idx_tags_parent` (`parent`)
) ENGINE=InnoDB AUTO_INCREMENT=10 DEFAULT CHARSET=utf8mb4;
/*!40101 SET character_set_client = @saved_cs_client */;

--
-- Dumping data for table `tags`
--

LOCK TABLES `tags` WRITE;
/*!40000 ALTER TABLE `tags` DISABLE KEYS */;
INSERT INTO `tags` VALUES (1,'2021-03-07 06:41:39','2021-03-07 06:41:39','梯子',0,'','翻墙软件相关',1),(2,'2021-03-07 06:42:23','2021-03-11 07:20:34','教程',0,'','各类教程文档,例如grin的转账教程,矿池提现教程等等',5),(3,'2021-03-07 06:43:21','2021-03-07 07:34:17','古灵',0,'','古灵相关的资讯/见解等',4),(4,'2021-03-07 06:44:04','2021-03-07 06:44:04','矿池',0,'','和矿池相关的内容',1),(5,'2021-03-07 08:50:31','2021-03-07 08:50:31','资讯',1,'古灵','古灵相关的新闻和文章',4),(6,'2021-03-07 13:05:13','2021-03-07 13:05:13','core',0,'','grin的核心价值观',1),(7,'2021-03-08 01:09:22','2021-03-08 01:09:22','grin社区治理',0,'','Grin社区自理相关提议和文章',NULL),(8,'2021-06-20 05:23:30','2021-06-20 05:23:30','公告',0,'','论坛通知',1),(9,'2021-06-20 05:27:31','2021-06-20 05:27:31','客服',0,'','QA/客服专栏',1);
/*!40000 ALTER TABLE `tags` ENABLE KEYS */;
UNLOCK TABLES;

--
-- Table structure for table `users`
--

DROP TABLE IF EXISTS `users`;
/*!40101 SET @saved_cs_client     = @@character_set_client */;
/*!40101 SET character_set_client = utf8 */;
CREATE TABLE `users` (
  `id` int(10) unsigned NOT NULL AUTO_INCREMENT,
  `created_at` timestamp NULL DEFAULT NULL,
  `updated_at` timestamp NULL DEFAULT NULL,
  `email` varchar(100) DEFAULT NULL,
  `password` varchar(100) DEFAULT NULL,
  `nickname` varchar(50) DEFAULT NULL,
  `email_varified` tinyint(1) DEFAULT NULL,
  `reset_password_key` varchar(128) DEFAULT NULL,
  `banned_time` timestamp NULL DEFAULT NULL,
  `priority` int(11) DEFAULT 0,
  `email_valid_token` varchar(50) DEFAULT NULL,
  PRIMARY KEY (`id`),
  UNIQUE KEY `uix_users_email` (`email`)
) ENGINE=InnoDB AUTO_INCREMENT=40 DEFAULT CHARSET=utf8mb4;
/*!40101 SET character_set_client = @saved_cs_client */;

--
-- Dumping data for table `users`
--

LOCK TABLES `users` WRITE;
/*!40000 ALTER TABLE `users` DISABLE KEYS */;
INSERT INTO `users` VALUES (4,'2021-03-02 16:04:16','2021-03-02 16:04:26','745298691@qq.com','$2a$10$cc6tRFsWN3q.rOYTr4Tajur6ZuYEuBF98AJGyC44FRU6OfB6mjaAW','DQF',1,'',NULL,1,'ac21a75f-597e-4986-b685-30cd9992daa9'),(5,'2021-03-02 16:05:03','2021-03-02 16:17:52','grincalf@gmail.com','$2a$10$hJu85FWG6SX.Ko49.1WvL.NJR8PeJSos5LuZ.pIQUNKq3VrEIYIzC','Grincalf',1,'',NULL,-1,'389b6ba6-c459-46e1-aa5c-cad8ef121ad8'),(6,'2021-03-02 16:14:20','2021-03-02 16:14:53','zjhzlover@163.com','$2a$10$zr7qF7fw/aWKjD/CcbQuJO8U9QmhvYMlTwHtgxVs2RhgCSYRnNsGC','知雨',1,'',NULL,1,'0bfd9b23-6c78-46c8-b779-166145218c6a'),(7,'2021-03-02 16:19:14','2021-03-02 16:19:35','19284613@qq.com','$2a$10$hOIKIxYmAM/sb1MDjlloQegnfK0TmrTAx6TvMfYb4iayTl/tsh79u','书童9999',1,'',NULL,1,'97ed4420-7846-4f1b-90c6-faa1bf4ed45b'),(8,'2021-03-05 15:02:57','2021-03-05 15:03:21','446839541@qq.com','$2a$10$x1RFuT5kFNoF.c.cR7HsuuieAhuD5lIo.hKsPBvsVH3eIrGyOtZpC','陶陶',1,'',NULL,1,'7e52fe7b-f053-47e1-abf3-5cdfa69c3198'),(9,'2021-03-05 15:05:02','2021-03-05 15:06:10','176243896@qq.com','$2a$10$U1FgmGziy5K6MjAcy6HL9e5hklmm8.zLoVEQctCd3kZvzX71dB0ca','最后的致意',1,'',NULL,1,'6d441291-1f30-4c31-aaa5-e932dd275d19'),(10,'2021-03-05 15:08:38','2021-03-05 15:08:38','782048257@qq.com','$2a$10$/HPMFIQV5kewbdXPTRKIpuTGAyDBIPe7XKSgZm9Dknpd9cAVFyxYm','人生如意',0,'',NULL,0,'a9233970-8114-42d1-94a7-aec7a6efa88b'),(11,'2021-03-05 15:13:27','2021-03-05 15:14:05','qijianhua919@126.com','$2a$10$48BC06/0fgqMnd.OjCgozeO8HBcZ0FNwuXOLdVonYHrqSCi5YilbW','进德修业',1,'',NULL,1,'b8065741-f1d9-4b02-a9d6-62f67434cfaa'),(12,'2021-03-05 15:18:42','2021-03-05 15:19:30','xiaojay@gmail.com','$2a$10$VUXz6PHyQVgflTUh5pbdl.YmmIzkmk6RNtZA2XJtAodI.WJ5FLHuW','xiaojay',1,'',NULL,1,'b348499a-0b12-4413-bdb5-56777803d17e'),(13,'2021-03-05 15:24:07','2021-03-05 15:24:07','63721856@qq.com','$2a$10$Hv/qanAWNq6ekLK1EouIU.S162j9r2KBjNG.pqLpx/7p3o3Rxsa8S','总总',0,'',NULL,0,'782e17d8-5ff8-4799-8fca-594a6c68b831'),(14,'2021-03-05 15:57:18','2021-03-05 15:57:38','37400948@qq.com','$2a$10$kqhuYHs4fqstAqiqZD1UvOIZGUUfhBicU6QPWBJDPaIcDwKwCerhe','Xnp1012',1,'',NULL,1,'7744c823-7ba3-4d8c-a4be-f99e42e5a5cd'),(15,'2021-03-05 16:03:02','2021-03-05 16:03:26','953075867@qq.com','$2a$10$9.j7f5fLJV4Ln4fA6BY63e4kbAxovqxHLyz2GWHuepYZklXoLy1KC','M君',1,'',NULL,1,'a39deb0a-9395-48bb-80f0-36da9417ebd7'),(16,'2021-03-05 16:14:49','2021-03-05 16:15:05','410923199@qq.com','$2a$10$LZ03DS8EHI68FBJz/Umiwu3/SNG0uZI/YA3BMQ.gtN6U3iMDDGXCG','hupodelei',1,'',NULL,1,'f31e0457-7f7e-46ba-b2bd-073c804d7e1f'),(17,'2021-03-05 16:18:47','2021-03-18 01:02:00','865323988@qq.com','$2a$10$IL3JvEGuoeS3Ip/ekfiBwuoLGgBQL02MTlqjJs73MzpXApAR1BGiu','junezenyard',1,'',NULL,1,'2b870868-069d-4d19-903b-17708edb467c'),(18,'2021-03-05 16:20:34','2021-03-05 16:20:45','bit88888@qq.com','$2a$10$rpEIpjvZ9wNePvv6/czLW.6cb4Xm/kDTVBMvklOVXaoIi3Pu23g.2','grin777',1,'',NULL,1,'9cd527eb-4e7c-4c77-90e4-c6646964cf16'),(19,'2021-03-05 16:24:20','2021-03-05 16:26:17','842150476@qq.com','$2a$10$ccgRHHYN1oNevao/IPhyNODbW9nzcceUJzGojczJAKwyjlDgy17RO','ycraa266383',1,'',NULL,1,'c020152b-11e8-4e59-aa30-ce94784206d4'),(20,'2021-03-05 16:29:28','2021-03-05 16:29:28','771256240@qq.com','$2a$10$a1EYZtXyxxVx1V/Gf0rknutFnnkUYcSX/AU3zpF4wYPBwBxNixXqG','伞',0,'',NULL,0,'773852bf-67eb-45e6-b9c0-d5df1bda4354'),(21,'2021-03-05 17:10:24','2021-03-05 17:10:24','634014356@qq.com','$2a$10$KHX9//oSe84dg5XqdKi99O69SsDNeGvVma9FMrcm5E601jIK.i6da','grin.jack',0,'',NULL,0,'f99089e8-def3-4cbd-8b0d-645a100bdc7d'),(22,'2021-03-05 17:37:31','2021-03-05 17:38:24','565720083@qq.com','$2a$10$O7hjN2Du3VA1We323cw8qe/TjFFyBjNmLh0vwWLS2NMIMmsiU65tS','南半子',1,'',NULL,1,'23754145-0a2f-419f-b4ae-6339a4962c1e'),(23,'2021-03-05 21:39:22','2021-03-05 22:04:26','1254295675@qq.com','$2a$10$kp43KiyhoD9lP/piDUIpEelwyC2KjRKKJmdH9/ykrKSnxqvM67Mry','Hellow',1,'',NULL,1,'d567cd0c-3cd0-487a-9d9a-032afc6d879a'),(24,'2021-03-06 00:21:27','2021-03-06 00:21:27','421125@gmail.com','$2a$10$O64NqgTM.fHPW7KZiKKajuuD3fyg.pBxZfj6HoLYM94xUcZ3esW2m','一念',0,'',NULL,0,'73eb1231-b1b3-47f1-b1cf-96999cc2a6dd'),(25,'2021-03-06 01:52:39','2021-03-06 01:52:39','247626617@qq.com','$2a$10$baNL17FtX3xneq6pmyP9leFC5RScuSVKppuDoZxIumHddfL4R1sSe','bing',0,'',NULL,0,'1e491e8a-3836-42a4-b97b-8b89ea3bb585'),(26,'2021-03-06 06:51:41','2021-03-06 06:57:26','29418580@qq.com','$2a$10$3hTSwnsi2aYB1E9xM5cwMuDp0s3m0Sw6PDARRq8szkHx6Up3zl7fq','小古灵',1,'',NULL,1,'1cdf6121-6f07-4ecc-acaf-63d6df811feb'),(27,'2021-03-06 11:34:08','2021-03-06 11:36:50','a02040012345@gmail.com','$2a$10$fzuUAXRq1oBpya/ZNec0Vu6ZhW6rMR4Ho3cGSaJWJZiwIuP16lM5G','砰砰',1,'',NULL,1,'89ceb0d4-720e-452f-8b05-4504099bde8c'),(28,'2021-03-07 16:27:35','2021-03-07 16:27:52','13939597920@163.com','$2a$10$1EXwLnPJHMNSdVTjOw4oYePn3hpcukIfKVEjQWuo5SjdMO0jjloS2','Bobo',1,'',NULL,1,'81ec666b-da8b-4122-b631-fc74d34b5824'),(29,'2021-03-08 01:15:42','2021-03-08 01:15:57','jarodwongsir@gmail.com','$2a$10$h6Cq60Sl/QHwxGlkLh0hrObdBktOa89hlur9CPhiKJPx6OqG1h6Ba','seebetterlife',1,'',NULL,1,'dbff210c-0264-441f-91da-21fe289b84d4'),(30,'2021-03-08 02:15:43','2021-03-11 05:48:23','274172421@qq.com','$2a$10$eMELfcarGtgW9ofU6mfFQu1nA0oIqq2loAmchwcgDookJ3IQcpeTi','老村长',1,'',NULL,1,'f00ae439-3a27-448f-bd29-ad61ba42973c'),(31,'2021-03-08 05:44:00','2021-03-08 05:44:16','56854292@qq.com','$2a$10$ddyGDpNp1qlC.Xb.bFo9neREVtSpzfZl6k5mi/IOQe8ew.ZkB.QJq','jackcao',1,'',NULL,1,'2e32e626-f861-49b4-bb76-a692e31bfb41'),(32,'2021-06-20 10:08:17','2021-06-20 13:19:30','zdp810282220@outlook.com','$2a$10$Xb4ofDTIJBOTiiDMIfw4VuDiLvP9Yiugx.Ox1RVkE7T1oT278ahZi','bear22',1,'',NULL,1,'be0326db-d3ca-46f6-93f2-b6dd5a75ac41'),(33,'2021-06-21 09:40:59','2021-06-21 09:40:59','1413656238@qq.com','$2a$10$hFEI6T9Cr7zKYHjpuYVGfOR0VD/ccYLXeZNtOXiS1nHAQQMvw0mo2','grin100刀',0,'',NULL,0,'22e8cbd6-d390-4238-9d1f-4790e00dd75e'),(34,'2021-06-23 00:28:18','2021-06-23 00:29:50','mytoken@qq.com','$2a$10$PSkexNROWm3ODh5IE3N3pO6VYLTl9mwY9VRc7AR96sr2D56ZNZ1BG','Tik Tok',1,'',NULL,1,'266554d5-e5b3-4738-abac-f01b17c81314'),(35,'2021-06-24 14:52:33','2021-06-24 14:54:16','342599629@qq.com','$2a$10$o4KFeE5XC2NdbDkdhuZD3eBnvy6sOSQ9mM2P1IYr0ImtQnbIgwZ1e','奶牛',1,'',NULL,1,'0c7be145-8695-481b-b273-64f011477a9b'),(36,'2021-06-24 15:04:50','2021-06-24 15:05:06','laughinglky@163.com','$2a$10$Whf9YzCvcbep/3TXZszUW.TKMiJ3KFvGrmmsJFfgCdyco3Xg5HGwq','laughing',1,'',NULL,1,'8a4be05d-485b-4c03-b78b-e296819a29e5'),(37,'2021-06-27 14:21:38','2021-06-27 14:21:53','cuiqw@126.com','$2a$10$QqnwESPctrjH7agKqRDJWuWCyhseUMEAAMsiJADMXaLqxtrCb.cza','Tony grin',1,'',NULL,1,'d98e9ae3-8055-463e-9e48-ef751e6eac1b'),(38,'2021-07-05 00:36:47','2021-07-05 00:36:47','402277797@qq.com','$2a$10$RoW5nYEizf5kvxa2nqIeLedmxpGfLd48serJw.G8WwPpgEViENgY6','王奇迹',0,'',NULL,0,'aeaba812-e03c-4cfd-bce4-d6c8a3064fee');
/*!40000 ALTER TABLE `users` ENABLE KEYS */;
UNLOCK TABLES;
/*!40103 SET TIME_ZONE=@OLD_TIME_ZONE */;

/*!40101 SET SQL_MODE=@OLD_SQL_MODE */;
/*!40014 SET FOREIGN_KEY_CHECKS=@OLD_FOREIGN_KEY_CHECKS */;
/*!40014 SET UNIQUE_CHECKS=@OLD_UNIQUE_CHECKS */;
/*!40101 SET CHARACTER_SET_CLIENT=@OLD_CHARACTER_SET_CLIENT */;
/*!40101 SET CHARACTER_SET_RESULTS=@OLD_CHARACTER_SET_RESULTS */;
/*!40101 SET COLLATION_CONNECTION=@OLD_COLLATION_CONNECTION */;
/*!40111 SET SQL_NOTES=@OLD_SQL_NOTES */;

-- Dump completed on 2021-07-17 18:48:24
